track_uuid,bpm,key,mode,danceability_%,valence_%,energy_%,acousticness_%,instrumentalness_%,liveness_%,speechiness_%
3a66b800-c182-4880-a882-b05bcc284a7f,125,B,Major,80,89,83,31,0,8,4
7af0f4a4-9fa3-4364-9c5c-95808b08e289,92,C#,Major,71,61,74,7,0,10,4
2abb325d-0d85-4835-92ea-b4371820cbaa,138,F,Major,51,32,53,17,0,31,6
ca3c5bd0-4333-4e88-9505-dcf9604fb0ee,170,A,Major,55,58,72,11,0,11,15
e25366c8-d8f3-40e2-8c46-b6001eaf9bca,144,A,Minor,65,23,80,14,63,11,6
b401abaa-ac75-4b65-8fa9-51bd698eb3c6,141,C#,Major,92,66,58,19,0,8,24
1334c779-1443-4007-b0b0-abb20b04a1f5,148,F,Minor,67,83,76,48,0,8,3
9d8628b2-3664-430a-aad5-f0040647dfe9,100,F,Major,67,26,71,37,0,11,4
9c4a1291-6c51-4ffe-b81f-75e13e143cda,130,C#,Minor,85,22,62,12,0,28,9
f2cc1b2b-aa71-4181-9b34-0274d3023827,170,D,Minor,81,56,48,21,0,8,33
9b294a23-79c8-4061-a2df-0e060935abd8,83,F#,Minor,57,56,72,23,0,27,5
94a80e8d-3b6f-4d5e-b8ad-3a49180902db,150,F,Minor,78,52,82,18,0,15,7
24fff581-ec4e-4a6d-a611-69501f484d8b,118,,Major,71,65,68,6,0,3,7
570e8911-1f60-431e-bed4-3e942eab273e,130,D,Minor,51,32,43,83,0,9,3
dda32d03-7387-4cd2-9ea1-1dfccc395574,174,F#,Minor,52,66,73,34,0,31,6
961b7999-8ae6-4b23-9375-aa969d9f2705,89,G#,Major,64,43,73,5,17,16,4
c0a2b613-15b9-46f1-8a95-81d4251276f2,120,B,Minor,78,76,59,43,0,34,3
26cbb21d-11bf-4a3e-adc8-8c6c626e5398,78,,Major,44,14,9,96,0,10,3
3ed831bf-9645-474c-bb00-832f4e6f7e95,100,B,Major,86,67,66,14,0,12,16
583b8e99-c8e8-4d4c-a008-bdebf93708aa,120,G,Major,63,36,73,0,0,36,4
c1eb4289-4ded-4fac-bd49-d814c3b2e81b,140,F,Minor,65,87,74,22,0,42,4
9d938d38-ac0f-41f9-9910-aeabb6851787,123,F#,Major,69,82,76,6,0,6,3
e4bdfd01-fc31-47dc-9c5c-5a00e55e49c0,135,,Minor,48,44,42,12,2,11,3
e715d2bf-f34d-4b49-a556-ca4b41054b3b,133,F,Minor,85,81,67,26,0,12,5
439ecb4c-c6c8-4882-95f7-96be3c0875db,99,C#,Major,85,83,68,7,0,36,20
5d16c119-4b7c-4a09-8060-a2231747cf83,130,G,Minor,79,96,86,9,0,9,9
7d1cec7e-074c-49f7-b186-fcc397ed3676,107,B,Major,80,82,80,43,0,14,4
ec17acdf-7db2-4eca-a9cb-4fdb850e493b,122,F#,Minor,81,74,71,14,0,56,4
1a4112a2-852c-4aa7-acca-56a9e24a1a4d,204,F#,Major,52,52,68,46,0,15,4
be12a23c-d6d2-40a5-b9bf-4846bdc851dd,110,B,Minor,67,78,85,2,0,33,5
499e1b2a-c0c8-4187-a752-bfb7d4e4e1a4,126,F,Minor,74,35,84,0,0,11,6
6f3f0bea-c140-467c-a66e-c00e17030f21,168,F#,Major,56,63,87,39,0,11,5
335f5acc-d971-473f-89f1-d2d2e7cb9a2d,98,C#,Minor,71,17,61,36,0,8,5
591a1180-f61a-4d5f-a432-461c4db08906,97,E,Major,64,51,63,12,0,19,5
4487b59a-5278-4085-af2d-4b559b600647,180,E,Minor,72,61,63,67,0,9,28
42b81614-6385-4aeb-ad8e-b1ec81c52268,120,,Major,81,63,68,11,0,11,4
101923d3-b819-47e2-8d65-ad105e2e7c58,150,F#,Major,61,39,73,37,0,11,3
4c3a1fab-14c8-470d-aadf-0531e6062847,96,F,Major,75,57,68,9,0,13,6
bae5c365-dc33-4517-9683-3e0b3a886a8a,95,D,Major,60,48,79,0,0,12,4
d15f56ab-851e-41c1-860a-2c674c176ee5,125,F,Minor,79,96,85,27,0,11,6
8f495de0-7733-4287-8daf-cd66a2131e50,144,A,Minor,56,84,65,23,0,10,6
4f7be98f-4762-489e-87cc-049359cbcadb,90,D,Major,76,91,50,54,0,7,5
abbea96d-333f-49e0-9709-71db071c4a11,128,G,Minor,56,38,97,4,0,35,4
c86b908b-4222-4be0-9e2f-702ea1a428a9,79,F#,Major,56,58,56,37,0,11,10
ef5c8eb7-9f0d-4600-8a41-e6781bad5e9d,144,,Major,77,75,58,52,0,23,25
b44d9ad5-b6ad-47aa-87e8-95ba391d018c,122,F,Major,67,49,64,10,0,10,3
09d01746-8030-4dc3-8cf8-85d429be65de,140,,Major,71,82,81,11,0,6,5
f17f6f4c-49af-4bb4-afb6-de35993082d6,134,C#,Minor,59,51,52,9,0,15,7
a31336e7-92df-4ffe-ac62-9d6ea8c75884,186,G,Major,68,49,59,16,0,13,28
3597ef33-bd2a-4e84-a25e-de5affbe3293,67,C#,Minor,53,50,53,23,0,44,7
63288a9c-22f6-44a4-a3f3-a8665489e760,106,A#,Minor,72,17,64,7,0,10,5
fa284d96-7b4d-42e9-91b5-7aca4729cc01,128,G,Major,60,23,91,0,0,12,3
a8445eea-4177-46fc-be45-7ebe022a69e2,107,F#,Minor,92,55,70,18,0,15,7
5d0e4e54-d6d1-4b8f-9362-7a016c08621a,130,G,Minor,67,96,88,12,19,8,4
c98b4f83-fb04-4e42-951a-9c6722fbfcfb,123,E,Minor,45,13,54,70,0,9,4
360ade7b-93c3-4aa4-8115-0cf2410745da,171,C#,Major,50,38,80,0,0,9,7
334c7737-6a9f-4929-a2d5-3b5b5cf576df,137,G,Minor,64,88,72,51,0,17,5
85b0fc62-039b-4da9-840c-3780cd8e06ad,125,G,Minor,84,85,68,58,0,22,4
8f5e69c8-6c85-445f-bd54-03ded7f5cd2a,128,,Minor,86,42,72,59,0,9,19
9dfb72d4-b0c4-4d2a-a383-9215492e6656,130,,Minor,61,53,58,55,0,27,4
b5e191f1-6975-4c43-9f11-deaf34777bdf,130,B,Major,86,59,96,50,1,9,5
49add9c3-67db-4ed5-997e-78371cdb8802,133,F,Major,70,86,81,25,0,25,5
9d170af6-0e5a-45ce-9156-42f2627ecc0a,101,D,Major,88,72,59,62,0,9,3
1818096b-a67b-4f17-b6b0-966657e6952b,95,F,Minor,77,53,64,74,0,17,14
15dcbb1c-3164-4e52-9706-92820b624505,98,C#,Minor,90,40,59,0,0,10,29
f285dedc-1fd3-44d6-9753-d1d5e87680ed,173,B,Major,43,28,66,0,0,23,3
50a493b2-d00d-4c0d-b87b-41d51919f6ec,90,G#,Major,64,10,62,7,0,48,7
7883504d-fb1a-4789-b6ce-2c12fa3dda32,198,A#,Minor,59,71,42,55,0,10,7
9a8f1883-72f8-41b2-8b89-1bade5f9d78a,140,C#,Major,56,48,73,0,0,35,4
47778112-2ac3-4d3e-ab12-5050de8b838e,82,G#,Major,51,22,53,1,0,15,3
c3ac59a4-f4a9-46a9-8d21-0a86c586c316,130,C#,Minor,77,84,89,17,0,43,5
5f4e82a2-8f91-46a8-a5e3-6fd5142d34a7,81,B,Major,76,53,53,44,0,9,9
658d188e-8c1d-4e49-9b8c-cd64c97bd3a7,94,C#,Minor,51,14,59,65,18,25,3
0eecdff6-a687-4f0f-9d26-43dce8765f1d,124,A#,Major,61,41,81,5,2,10,3
730545ac-3080-4c39-a842-c51bf62ac674,128,D,Major,62,55,78,1,3,23,4
e04de084-31f8-42f8-988e-725482451aa9,138,F,Minor,49,42,62,9,0,11,3
84a9269f-c64d-4f88-9fc5-7231aa7dd8af,132,E,Major,58,27,48,50,0,12,3
81d3ae7c-ca1f-41ae-ab01-e5f484e487e1,131,D,Major,71,24,47,1,0,27,9
a991096e-2062-48bd-8d10-2275abaaabb0,168,F#,Minor,78,58,73,5,0,10,7
58d64a8e-bb51-4ddb-ba88-b3faa7e5edef,98,C#,Major,68,40,79,33,0,30,6
479b841c-c626-47b4-bab7-a634fa7283b4,102,C#,Major,48,50,73,43,0,15,4
8ffa5b31-d9ae-4bea-8864-d233eff91ea3,101,A#,Major,34,32,57,78,0,20,3
2bb54552-3e89-43fa-ab37-2ed9f6d2e8cd,130,F,Major,63,36,34,76,0,35,9
84abb059-016d-49bc-847c-d6fe9cb71f02,142,D,Major,50,20,64,1,0,12,3
c1c7f95c-9716-43c3-acf9-35d36188a66a,170,C#,Major,59,48,76,4,0,10,5
ace30ada-95df-4357-820e-6a0588d76a4a,124,G#,Minor,78,70,68,3,1,11,4
bba07cd6-bcf6-477b-8bbd-6f4936c68685,110,C#,Major,50,45,41,75,0,11,3
1e9141a1-948f-4580-b7ae-2067ad1cc561,92,C#,Minor,91,43,71,9,0,9,8
a30358df-1ce6-40d0-8528-0c153ec3f793,116,D,Major,82,40,66,39,51,25,7
7e4e0609-ec68-4d39-aa6e-84bb34a2eb0c,129,A,Major,63,84,82,70,8,9,7
8f5e4b33-de81-4742-8907-84ed972db9c0,98,G#,Major,71,67,60,19,0,12,3
176ce658-86dc-4280-b9cf-0a05e06646c5,172,C#,Minor,74,76,76,6,0,10,9
e6f7a075-8fe9-4a92-b25e-a3bf3aac910a,150,D,Major,68,14,76,4,0,10,4
ecbab0c1-8daa-4462-a10c-66fc2fcac00a,136,A,Minor,62,19,53,11,0,6,4
095f0eda-fc56-48ff-b6dc-bbb4dce1c9ea,88,C#,Minor,53,34,47,9,0,83,4
0a433acc-c421-479d-b564-f18c919269ad,143,D#,Major,83,69,44,15,0,10,33
9c4de32a-6bc8-4525-8e55-c9bc7e1e7c16,100,F#,Minor,49,17,35,71,9,11,3
c0153cf6-7ab0-42da-b0c0-31ff29fd663d,143,F,Major,56,39,55,14,0,11,13
f0b5970f-103e-451c-831e-f9686833a36f,112,C#,Minor,56,24,66,7,0,12,3
c6d417d2-63a3-42ad-ba12-e9c4ef7bd8d8,93,G,Major,62,57,59,3,0,38,3
ba3322fc-7429-4520-af7a-67317447c83a,206,G,Major,43,50,55,50,0,15,10
4d94493c-4a14-46dc-a9eb-0beac561be6a,88,G,Minor,68,17,71,15,0,11,5
4bfad302-ea12-4981-98e8-86013e01722a,170,D,Major,50,37,90,0,0,12,5
ea2540b6-4687-4e66-95fc-23668862defb,84,E,Minor,62,24,67,21,0,13,28
f1652422-7e92-4c16-b168-fa57b5ef635b,134,E,Minor,81,53,72,51,0,12,5
48184fbf-0bfa-47fe-8948-f70951125979,158,A#,Major,54,50,40,61,0,10,6
ac1499b5-72a2-4134-8be1-ac8bbe7fa339,116,C#,Major,80,92,80,4,0,10,3
1f4c5f2f-2d1f-4523-a33e-5d7c5922fded,117,C#,Major,61,45,69,2,0,9,3
032add23-66f1-453d-9634-b495caff6f23,114,F,Minor,77,65,72,2,0,7,5
aaa5785a-5211-41b1-bd0c-d8a524e6038c,108,D,Minor,61,47,68,0,0,13,3
548f3173-cdcd-49d0-98a8-921772a98522,144,E,Minor,74,37,53,7,0,21,10
2dad5232-db12-49c1-bd1c-0063938fda30,130,F,Major,51,18,44,76,0,11,3
bfa1668c-2a61-4839-83ad-20790b1396cd,116,B,Major,77,79,62,33,1,15,3
a13eb3ea-fc63-42ea-9e4f-1695e46c2272,121,G,Major,65,49,78,0,0,17,4
8793819d-3004-4fc9-9343-253eacbd526d,112,G,Major,64,54,81,36,0,11,6
512a0f56-9b3a-41b2-b7ba-863ad49f6697,100,A#,Minor,70,47,52,30,0,6,33
6cc634f5-aa86-418f-a902-34b193d26e19,150,D#,Minor,55,30,78,24,0,12,8
6bf1651f-15c5-44cf-81bf-bb57342e53ad,120,F,Minor,84,96,71,18,0,34,17
d1d82aa2-4ad1-400f-a3c2-7ef6c914c2b3,127,B,Minor,82,89,85,4,0,23,6
a6ea2f52-5c24-4ffe-b2de-6e28f7c472a4,90,F,Major,51,42,61,53,0,9,3
457f56cd-6292-4418-a29b-140d8ee90728,128,A,Minor,75,79,63,33,0,15,4
9c17402b-7bdf-420c-b76c-a476b05aaaa8,143,A,Major,64,31,87,4,4,8,4
eae85a8e-64f8-4a18-91b1-4757a6155480,139,G#,Major,74,68,68,3,0,26,4
adbc0aa2-79cf-40b9-b892-d8817af7ca59,162,A#,Major,49,78,64,19,0,11,4
c6c1755a-6586-47e3-b17b-b6a76307fbd3,92,,Major,81,39,60,31,0,7,3
503977c1-05d0-462c-917c-6a374d0b3c57,95,F,Major,87,57,55,10,0,29,7
5a2c06e3-59c8-466f-a60d-9431c0e2f585,146,D,Major,63,88,93,3,0,10,8
94dc104f-04d9-4874-81d9-2d98bfc7f43b,95,,Major,55,56,82,12,0,34,5
ea172352-a82e-4844-bc8b-68fdec6d9b64,115,E,Minor,35,12,30,93,0,10,3
8d77a6b4-8e88-4ff1-9406-469037bf9156,128,B,Major,78,59,65,10,0,26,5
169d3aaf-0b49-4ddf-90f5-8df93a68c16d,130,E,Minor,82,69,83,3,0,27,5
68f40e99-1733-48d4-9bfd-521846ab64d6,127,A,Minor,80,74,77,36,0,11,4
43d88928-23f5-4585-8b2c-ef986edc245a,150,D,Major,42,20,86,21,0,9,9
aa8ec47a-dc8d-4b62-b6b6-8a54c3b1e61a,122,D,Minor,78,50,63,27,0,9,5
aee19931-2919-45a8-b2a4-8356a2aaf224,140,,Major,52,20,85,0,0,7,5
c8e4c1a7-a8a1-4592-9538-a00a01439260,140,,Major,63,22,54,46,0,12,8
8081d408-33d7-4411-8f4a-3a773ae09cf8,119,C#,Minor,75,48,53,18,0,18,34
3f7d9233-742a-4add-8db0-2a0e503caf06,110,G,Minor,76,96,72,32,0,9,4
63d0438d-bacd-466b-9dba-b8485fa933f4,95,G#,Major,60,17,45,16,0,11,2
4918f1ff-393b-4d5b-82db-1ef2231d20cb,132,F#,Major,56,20,55,45,1,32,3
c27fb5f9-6557-4d7f-9162-2ca3550cc226,125,A#,Minor,77,74,78,4,0,23,11
335189b8-f01d-484c-a03b-e26134845c00,124,D#,Minor,84,65,50,67,0,13,6
595cd379-f101-412e-9c9e-f3162c231c78,133,B,Minor,93,68,65,42,0,12,25
4338559e-68ef-4285-9b2a-401369f997a2,112,G,Major,92,67,66,0,0,36,9
d08a48d3-3c67-47ab-9979-3e4df723c7bc,97,,Major,79,92,89,5,0,6,5
c688e286-5903-45ff-9395-1718c3e16143,90,F,Minor,59,52,48,38,5,10,11
bcc25fb4-6c94-43b6-b701-089c50978cd8,80,D#,Minor,65,27,69,8,0,53,4
d9c766e4-27ca-4636-9443-75fa7da6c9af,172,A,Major,45,33,59,6,0,8,3
4911e41d-5373-4f63-a512-b2e5da7dab96,120,E,Major,60,24,35,73,0,31,3
eaf77853-7707-45ff-b8e2-60ee33f3d818,140,G,Minor,74,96,80,18,0,5,5
acfd662a-42cd-4705-8002-67b8f6af600c,128,A,Minor,81,90,77,1,0,9,5
8f2462d7-95e0-46f6-8e14-e423be9a8879,122,,Major,78,70,81,57,0,10,5
676d9d99-cb22-4a6e-8a08-093d04df1b4e,130,,Major,47,86,92,8,0,5,24
6ca6abe7-5062-4323-b216-825247e00219,160,A,Major,69,61,71,33,0,31,20
82a6e1c6-c596-4914-a422-8106b3eb139c,144,F,Major,73,87,70,6,0,28,5
bd197ee4-d96b-4ba6-8ca3-4bec3f8be2e4,192,B,Major,50,85,52,11,0,28,6
e55afc5c-8c29-47aa-a990-784bfee8b98b,163,,Major,54,40,67,0,0,9,17
18145b93-b0d1-4b5a-a199-53467e389401,122,C#,Minor,66,48,71,6,0,12,4
7a487a6d-cb8a-4d88-9569-dabe6c5a74cd,154,D,Major,61,41,74,21,0,40,6
2ce0e17b-3798-480c-8594-cb6b45c25fee,117,A,Minor,73,31,69,6,0,11,4
c2bf8140-d636-4717-865f-d5091403837c,138,G,Minor,78,89,83,10,0,12,5
575db639-f0e6-4f50-87df-829211db5944,96,,Major,86,74,80,33,0,8,6
c8927c62-5657-4844-8b3b-6bccc70c67f6,104,C#,Major,77,36,63,1,0,36,5
0f3d0102-2e88-4adb-8733-b5472a5dc5f7,164,G#,Major,45,24,62,8,0,16,3
3f5efc3e-43cc-4602-b010-39a877d597a0,118,,Major,68,61,82,2,0,50,3
828ad1ae-4500-4ae7-ab0f-060154375970,81,B,Minor,68,51,60,3,0,19,10
b430509e-f875-4f96-a84e-e84052d9b15a,117,C#,Major,82,73,45,54,0,7,3
4428329e-db65-4fe6-9df9-d83d91f838d4,174,D,Major,45,10,37,97,25,64,4
7f87a68a-2156-427d-be55-612f42ab84b4,128,C#,Major,73,60,77,3,0,11,4
19bfb448-8b9b-448f-93b1-739ba15482fc,145,,Major,60,43,27,94,0,14,4
bac02b72-e897-4be1-8758-6e7dd1388ece,150,C#,Minor,65,51,55,73,0,14,3
dc618743-8f43-4d5c-84af-b42b75d555e7,90,A,Minor,60,13,53,4,0,21,4
33404d85-bb7e-4484-8705-e8e8db9a5a33,85,F,Major,55,42,53,17,0,22,3
24d1e481-d9f6-465a-8c7f-3f7f43352bfc,180,D#,Major,33,38,71,20,0,28,5
616582ac-1241-482e-b7f5-75b2d321bd77,166,C#,Major,57,84,94,11,0,37,9
310741b3-5985-4b10-9c45-3c832e18eb4a,160,G#,Major,71,40,50,16,0,16,22
e8767736-038d-4cff-b5ee-15a1047ba42d,160,G,Major,65,95,80,5,0,41,16
0e21f62e-0db8-48bf-89bd-4b67e652f248,92,D,Major,70,81,63,4,0,8,4
b57e9290-db94-4df5-8f9e-47d8897d9732,170,,Major,56,53,64,11,0,45,6
8737975e-95d1-4401-a325-4b5d1b302ad4,96,C#,Minor,83,93,65,58,0,9,8
9dca4516-54e7-4946-a0f0-fbcdd832f1a7,120,G#,Major,67,40,52,86,0,12,4
8d14e8a0-1c03-4bc2-830a-04d254ec5bc0,98,,Major,70,37,54,6,0,9,8
b8f7b6d2-c7f2-4617-bd92-0246f1e8b79c,92,G,Major,53,12,34,1,0,12,4
b4efc054-d563-4075-81ad-abfaf1bd0df5,150,A,Major,34,24,56,4,0,11,3
a0f1d950-395c-4120-9e2b-3b53e1bc74f0,94,F,Major,37,17,47,2,46,11,3
c53e93d4-ba10-4223-9170-1078298d5674,90,E,Minor,74,36,63,26,0,27,5
e8a046b8-7745-4185-8dca-e604cf4415ff,160,A,Major,54,54,55,67,0,42,11
ac1c391d-421a-4100-8ecb-e86c6551e112,120,,Major,70,59,75,24,0,9,4
e10340f0-a568-4272-b81c-8fb22dc2b25c,109,F,Major,63,46,85,1,0,9,5
1fac7a45-44e8-49d2-8b67-fd27ff3469c6,129,E,Minor,57,41,66,63,0,12,5
6fc822f9-a919-4db7-953a-18b2da6d390e,157,G,Major,54,75,60,30,0,7,5
e2cc0f9d-cde3-4c33-b195-3500455e66e4,130,F#,Major,63,49,73,5,0,9,3
d4836da5-79d6-455d-b691-50228e1c5e2d,107,F,Minor,65,19,72,10,0,13,25
751c8ab3-5795-44ee-b84c-3aec3d49fa7d,146,B,Minor,50,67,89,0,0,19,8
57b23955-12c5-4c82-832e-3c376439b11c,139,A,Minor,48,37,41,32,0,10,10
56cb17bb-5973-4991-a60e-64a1b1c13240,116,,Major,74,76,70,7,0,13,3
ba0de532-ba4c-46dc-a352-a623718a6cf8,95,F#,Minor,84,52,77,12,0,7,4
9af2cbd0-ea4d-4ae1-a955-6e39e67d3f06,170,G#,Minor,62,55,80,15,0,37,7
2995ecc8-cb4b-4e21-8cd5-514ca0a23b01,134,F#,Minor,81,18,64,3,0,10,11
227c2e9f-9fee-4678-a3dc-9be0c454f08a,84,F#,Minor,57,86,90,2,0,9,5
bbb93d6c-9c67-40d6-aff1-5ae9f2475e41,146,B,Minor,61,20,48,21,0,12,6
b5f5eb79-9893-4950-bd53-1df3b9a4b757,74,A#,Minor,53,24,67,11,0,10,28
1b8709f7-a066-4dfa-8ebf-efb31d9f7bff,144,B,Major,75,35,48,84,0,10,12
599b2dc8-be54-48a9-a4fd-5dbfacbbba57,136,B,Minor,77,79,73,15,0,27,10
0cdfbc3c-d9b4-45fc-bc25-45c1aa75c902,100,E,Major,56,53,55,53,0,12,4
9806df80-8336-4877-b489-093b46980fcb,105,F,Minor,89,67,78,9,0,7,33
7469c37b-cc37-44f7-ba8f-cd1928319402,106,F,Major,67,24,78,15,0,30,4
f36b6085-e9dc-41ba-b4f5-785d6b5ba290,132,D,Major,85,53,68,40,0,9,4
55d4ee11-fe5d-4137-b60b-6269ff778b2d,120,A,Major,78,5,30,21,0,13,5
621ecaed-2435-4f63-87ad-adca51770156,155,C#,Major,82,51,39,2,0,9,49
1abd303e-9125-4324-b11e-db796fd325ab,129,G#,Major,70,42,43,78,0,11,3
f12cb4fa-93c8-4f89-b425-891637676d0d,135,F,Minor,80,85,74,62,0,8,9
1ff82611-6d1b-4ec7-ba7d-14f865a9e9b2,98,A#,Minor,73,45,62,28,0,13,13
476bf341-82e6-4c02-a4b6-8f5b54a49647,124,A,Minor,84,64,39,3,0,11,4
47ada72c-2e03-4b17-8b03-1feae9bcbc11,135,A,Minor,77,28,55,18,0,22,15
1a84dfbb-d6ff-4003-aaba-c2abf7af38c0,107,D,Major,78,39,53,30,0,11,6
3608277a-318e-430e-a6c3-cd2eda3580ce,96,D,Major,54,25,74,14,0,9,11
aaff0ec9-28c3-4b9c-841c-342ee51f0ab3,123,G#,Major,71,58,70,30,0,32,19
4fe12f4e-48cd-4d65-ba24-211e00b9c2b8,90,G#,Major,62,7,62,6,0,58,6
c9572022-8711-45bd-8922-782fafcef789,117,F,Minor,72,45,59,14,0,20,21
f88b7c03-565a-4213-b977-f48b0c1c3b89,133,A,Minor,78,90,84,31,0,7,4
335d535c-17a5-478d-8756-a6d08c584d32,96,G#,Minor,74,61,83,11,0,35,6
ed3f87b3-107f-461b-80aa-3254978298fa,149,G#,Major,66,85,60,40,0,14,13
08ac3f30-491f-4ca6-b0ce-1a403f134096,110,F#,Minor,66,32,40,81,0,11,3
e4b892a3-ca83-4a94-b5a7-2d579cb93221,105,F#,Major,95,62,52,3,0,5,16
f1fd3e5d-70ad-4e2f-bdc6-bee9a3722489,105,C#,Major,80,69,78,28,0,11,14
b6f1fcd3-35cd-4ae1-8b96-6c77b203ef34,134,B,Major,76,61,58,6,0,16,3
20d6f32e-2ed6-4b67-98c5-609f2c3a21a3,170,E,Minor,71,59,56,4,0,27,12
ab209581-07a7-4da8-a55f-8b482023504d,81,F#,Major,59,26,60,46,1,25,13
10962dc9-c444-43da-87dc-bcc247880238,154,F#,Major,63,75,92,31,0,91,5
4323cc6c-a8c9-49e9-8103-2bd6b3a610df,169,C#,Major,69,69,51,63,0,38,4
14c4da07-46d7-4ca9-b8c4-beacef33a0d2,115,G,Major,78,64,69,4,0,7,14
619ac53c-cafe-4152-b9db-6b39ca5fd93d,84,A,Minor,43,14,74,1,0,19,8
19d29ad9-89d3-4f56-aff5-dd62fe7ccaf4,93,G#,Major,79,58,62,11,0,11,23
6a779ce3-6244-4a1a-814c-af855d8848ae,91,G,Major,82,47,62,10,0,10,15
5a09b24e-89ce-45d6-82a8-146fa89c885a,142,A#,Minor,82,54,44,6,0,33,7
0789dbf7-412a-47f6-a819-73cf096277f5,126,C#,Major,78,20,70,1,0,16,4
73be48f5-2e27-4642-a34c-4de59d25c5cb,97,A#,Major,73,10,44,26,0,16,8
4941b7ca-29a7-48e2-a606-a76134e1522f,101,F,Major,92,59,51,41,51,26,8
18860097-8dcf-4020-ab8e-481bf9c84b56,98,G,Minor,80,23,48,14,0,6,5
72420987-c647-4ea0-80c5-97ff1a24ef9a,154,F#,Major,59,63,89,18,0,80,9
ad7e6c20-6d86-4ed1-bbca-eeacab9879c4,120,A,Major,91,63,58,52,0,31,22
9e79f3c4-bfe4-46fb-bd70-cd970e873250,150,B,Major,49,4,55,7,0,6,3
101f3546-eb16-41f6-9405-2c011e44f02e,174,A,Major,47,27,78,11,0,10,8
ce151fb2-a1b3-445a-8d6c-2cd774010c27,202,A#,Major,34,25,51,69,0,18,4
377cb331-e18b-4401-94a4-53817b2de560,153,B,Minor,56,42,52,5,0,36,24
fdbb7f0b-0384-46f7-a15e-d1773473f2ba,142,F,Major,60,13,37,58,0,13,3
83b038ea-206b-4407-b03c-ff7625876873,108,A,Minor,84,55,47,26,0,20,64
7a599179-26df-4e33-92b1-78808ed30f33,143,B,Major,83,25,69,4,0,23,12
a2a86e5f-753d-4b69-9368-49a17a57c111,108,D,Major,67,55,67,60,0,80,5
b2e71514-f35c-4f8c-83e2-59fd2e92ba0d,104,F,Minor,95,78,66,3,0,4,6
154a4f12-8800-433a-9449-653a6d0e2b35,93,F#,Minor,84,96,79,43,0,18,11
7663bb06-1356-421c-8c94-736685a52b2f,105,F#,Minor,65,46,53,16,0,9,5
53f61367-0c0d-4087-99e8-b42bb629ef85,170,G#,Major,44,27,32,89,0,14,5
99a41090-233e-4755-aacd-2cf2e4043560,178,C#,Minor,62,56,66,18,0,12,5
235071ae-3b1c-4ae7-a376-ca115616c43a,176,F#,Minor,50,44,76,10,0,32,5
f1932fb5-95e7-4a67-97ce-2deb4ed8157a,104,E,Minor,80,38,88,11,0,11,5
74318bc3-99b1-480e-81f6-6eedd3f7e7d6,85,G,Major,70,83,84,31,0,47,30
eb7d9467-000d-4f86-803c-564039219c54,117,F#,Minor,77,69,58,39,0,26,5
e45a398e-72f2-426c-bc65-3361f8fce3e3,80,,Major,52,57,48,86,0,15,39
b15db3e1-78d2-46bb-acc8-000ebcbc7df7,98,F,Major,44,36,41,50,0,38,5
56dec8f1-bb0e-417e-9520-32613ec30ac6,178,C#,Minor,79,58,78,34,0,11,25
263910a7-f6a6-4833-84ce-770960abe86b,148,A,Major,51,27,33,48,0,22,3
a81f1b35-4e2e-4b62-b2cf-d717b7a03ebd,120,D,Major,77,94,66,65,0,38,3
7da9ee99-9ef8-4da9-8f88-dfdaaf8dc858,122,E,Minor,68,38,88,1,0,8,5
90722ad6-b500-446c-8898-7c2a6aa2682f,144,F,Major,74,75,73,42,0,9,4
f4423ca6-b195-409d-a156-295270496805,96,D,Major,93,47,47,33,0,10,36
3ed50ef3-a3e1-457b-a74c-23d6e8a1587b,137,G#,Major,77,35,88,16,0,17,9
1bfced6c-c01d-4a69-9320-2ac692162040,121,F#,Minor,94,71,61,12,0,53,42
b5985f6f-85b3-4e87-94b1-b21256627def,119,A,Minor,60,10,57,1,0,50,3
22577b50-b8d8-4bb8-9560-168557de8aaf,96,D,Major,72,40,47,71,0,13,4
fdefcc2b-535d-4c3f-bd9c-8955a7951d00,111,C#,Major,87,53,52,66,1,11,5
7daf1a62-5516-4077-9a9d-c5a4cb7087ed,148,A,Major,90,74,68,14,0,10,19
6450f9b6-1222-4841-90f2-7b81bad1e489,182,A,Major,57,80,59,8,0,6,5
30b4c25b-f5e9-4ccd-8b62-12a3e29c9600,141,D,Major,79,82,86,28,0,4,9
36ed726c-6f86-48a6-af07-84d5beaae924,145,E,Minor,76,80,81,19,0,6,9
6bfc89fb-5325-412c-989e-aedb2f1e7cce,110,B,Minor,76,26,70,1,0,41,6
d2187ab7-4a93-4367-9011-e42966cf2910,134,G,Major,70,35,41,41,0,10,3
fa6d1e78-d14b-4894-9abc-c2cb0a34758c,130,G,Major,92,78,62,18,0,6,10
289ac01c-8428-47b9-b2ca-f92527d14ab1,145,A#,Major,84,88,53,35,0,8,7
bbfe23d5-60b5-4da7-8cfe-e064b8cce5c4,130,B,Minor,69,36,90,1,10,15,4
cab271f1-0041-4c8a-88d2-c4a3ca161c23,173,,Major,59,69,53,12,0,23,3
e1b37c16-dbf8-4a76-9cde-17b192699eca,92,B,Minor,75,55,76,25,0,10,15
ba0354ac-82cb-4c96-8c48-1dc2db156615,105,F,Minor,56,57,87,0,1,10,4
05d88d2f-bd12-4756-b5ee-3028ccd25deb,175,G,Minor,59,15,64,43,90,12,10
868efd0d-7955-4508-938d-97fd1b3284db,120,G,Minor,80,33,70,22,0,9,4
b339c8b4-1124-4df6-b90e-7ff2794fc364,139,D#,Minor,70,77,48,37,0,12,5
a1536f9c-321e-451e-9315-c40cab42b9c4,132,,Minor,59,56,82,12,0,12,6
d6d677fa-4fd7-4415-a881-a786fa7ca4ac,114,A#,Major,32,17,74,14,0,17,3
70439c83-b3b0-44ca-b90d-8302593a876c,145,B,Minor,54,19,48,36,0,37,5
7bfe2d2b-14a7-4539-b4fd-9509a30ce5f0,110,,Major,82,67,69,0,0,18,4
981547fe-53a5-411c-a186-2d9a5a46015c,94,G#,Major,89,61,66,17,0,36,16
96c85f16-8f13-4327-8478-0cccac8173a3,134,C#,Major,45,17,60,21,0,33,4
49b5ff78-4e1b-439b-9d76-ad65b03a847a,120,G,Major,62,32,76,0,0,39,4
70cebac0-8925-4db0-8d77-9c006da3bb04,123,G,Minor,70,86,68,24,0,11,4
c5a60c85-dc8c-4d14-a2e2-3225337ece59,131,A#,Major,77,84,71,35,0,15,4
20e7cfbb-fbca-417a-8e62-83985e08e503,171,D,Major,70,6,73,1,0,36,26
804311d2-fe97-4121-a40e-72e6829ad4d5,130,E,Minor,80,64,76,2,0,20,6
6880ee88-6f2b-4475-8f74-784714b46cfe,94,B,Major,82,53,67,34,0,9,8
aa2bbac2-4c32-4a36-9884-95fd7f553e02,89,G,Minor,73,44,57,39,0,32,6
9588b366-18dd-4339-b5ee-2a9626cb9762,87,F,Minor,65,71,56,4,0,15,20
b5ba1957-fb0d-4019-ba41-185fb99b980c,124,B,Minor,72,79,78,55,0,15,30
8f9c4651-9779-49d7-ba67-b76c96675596,78,G#,Major,71,80,65,51,0,22,32
16fcfc7a-6ba2-4851-b849-01b2224a8250,120,G#,Major,70,70,79,7,0,18,10
0fafcaa7-1c88-4e48-94c7-61ec6dccbbc8,96,F#,Minor,48,50,80,40,0,37,20
c7139105-7bf0-4a7e-8639-cf82e3f1562d,106,G,Major,73,22,86,31,0,12,4
01e010a5-288c-47e6-a6d2-04e40af37e99,170,D,Minor,78,75,46,62,0,12,35
183dd12f-0413-4a37-b124-b550f1613979,134,B,Minor,67,11,76,8,47,30,7
550c31ba-21fe-46c1-9d50-69d931f0f6be,115,A#,Major,71,90,73,30,0,11,5
d5afbfc1-edd7-4b0b-8605-4aaf9fda9967,130,F#,Major,74,79,87,45,0,30,3
6e043e33-d56b-4da8-8101-fda3d84f3a0a,118,,Major,65,63,79,3,0,10,3
5e4123c5-cc75-4cb1-91f3-ff8c66530025,110,G,Major,59,22,38,42,0,12,3
42a68f98-2b95-4763-bc5c-6d5424cfc16d,100,A,Major,72,42,66,18,4,19,4
e3e61d33-be9a-411d-b805-5e9f668dd11f,142,G,Minor,70,76,79,26,0,11,7
b4cc9071-a6f6-464d-ae2a-320f327bac6a,140,,Major,64,18,37,72,0,12,7
0f25db19-296b-45f1-b381-613b82f018c2,116,G,Major,90,96,73,62,0,9,4
29af2987-c7eb-4376-b1e4-c5ead6185a01,120,A,Major,73,64,85,25,0,61,3
6144408b-3f4b-401b-a6ce-fcc1c9b1a55b,92,F,Minor,76,46,79,31,0,7,6
17f14602-1099-40cd-b419-35481e8ae79b,110,G#,Minor,81,64,79,5,0,31,3
a32c91e6-65a9-4ede-8226-59ef6af00ef0,120,A#,Major,71,57,97,1,0,13,11
85bde3ec-53a2-487b-85a9-6ebbcde119a5,80,G#,Major,63,40,61,9,0,56,6
ccd1fc75-2078-4793-8fe2-23e82639b8fa,115,F,Minor,95,43,69,47,0,9,31
9e39a160-7562-4b92-bd59-63c3da347989,76,A#,Major,58,46,67,65,0,13,4
d8453427-3fd1-46d2-9208-12915041b329,172,F#,Major,60,77,78,45,0,12,6
52a64ac0-3dd2-45db-816a-b4866b45c67a,99,A#,Major,40,45,56,69,0,9,5
f049df79-225f-46be-a8af-996f8bb35029,136,,Minor,36,12,57,9,0,14,8
0aef9e23-cb7d-4c26-a2f4-8a3e3760bbdd,150,G#,Minor,90,64,14,67,35,11,10
93ede411-c54f-48b6-9fea-90d044c4f256,92,A#,Minor,71,41,31,79,0,10,5
cc533c49-c311-42cd-82fd-3b1586c0b49d,95,C#,Major,77,72,87,17,0,7,5
3b8520c6-362b-4f0b-bdf3-1e9525a3a26c,102,B,Minor,83,58,83,21,0,10,5
77e03b7a-f619-4e5d-97c4-7df81f7659e7,145,,Minor,70,34,55,43,0,16,6
003f3349-90fc-420b-b42e-2ee291422659,110,A,Major,50,24,86,0,0,64,4
3f0d0827-eeb9-4f3c-b73b-d3a44ad360de,95,,Major,64,30,77,46,0,38,6
5d003fae-2b79-48ed-b09a-357956378f24,94,B,Minor,68,81,82,53,0,9,13
3cfccf71-600f-4b8e-96b1-97e78f87a662,142,G,Major,61,92,91,0,0,26,3
dba5b87e-2284-45ee-a1af-2d7112a8298f,145,F#,Minor,59,20,74,1,0,15,5
6ccaa98b-1d04-4620-8f0c-343b6dbb8d49,121,F#,Minor,64,67,80,0,0,36,3
3a8182bb-3056-4093-a2ab-e22e64099584,140,D#,Minor,66,43,76,49,0,12,3
107a180f-60a9-4357-a529-383b4dff0272,137,C#,Minor,84,44,67,8,0,11,6
9fc33540-2703-4ba0-8ab8-034be92c6189,104,G#,Major,56,72,85,0,0,15,3
7ae63a76-6b0d-4323-b4a2-6e8f1956910f,92,F,Major,57,68,76,7,0,33,3
24d588c1-afe1-4ddf-abc9-582fd261383f,146,D,Minor,74,51,45,86,0,21,38
a552a0d1-73f7-45dd-b06f-5d3d13aad2be,120,D,Major,56,20,43,89,0,12,4
8271ae00-3102-48e8-93ab-003038f19acd,144,D,Major,68,83,81,9,0,8,4
6eba41a4-63d8-4c34-9db7-04e61ee8e202,94,A,Major,59,44,56,80,0,6,3
e0442de4-ef74-4fe0-95eb-eeeab77763e6,94,G#,Major,73,65,79,5,2,11,6
daa3c1f5-9b50-4f20-ab48-b45dd14a5b73,113,G,Minor,79,66,74,8,0,11,5
01a01288-26c6-4b1d-b6b0-da9ea1b1870a,148,E,Major,50,49,76,12,0,12,3
71128220-45ed-4d49-b30b-e09e97a972d7,98,C#,Major,70,29,73,12,0,11,26
18609539-537f-417b-af5c-9a8ae3688a9e,140,B,Major,58,26,38,91,0,10,4
e143cc7b-7d16-49bd-9555-c7f13fdbf1ae,100,G,Major,36,28,28,81,0,18,3
2152ebd6-5059-4841-a7b4-a4910e6bede1,140,F#,Major,86,68,79,39,0,11,29
c5091178-5668-4c6c-baa3-ddea50bdb359,100,E,Minor,59,78,94,27,0,29,23
35dc3b36-7dd4-48d6-9496-96541ae1a023,100,A,Minor,59,49,65,2,0,13,3
15c75c5b-6668-495a-bd28-9bd3d3ab8096,132,,Minor,87,82,70,42,0,21,5
f8b53fab-e899-4d32-82a1-dab089e22424,142,D,Major,49,48,67,10,0,26,3
c30365a2-5054-46a5-aa15-8318c07fea03,176,E,Minor,72,96,63,25,0,21,7
42d3f337-b958-4262-8b2e-96935998a7aa,140,F#,Major,53,51,70,49,0,14,3
9d34b781-f6ea-46db-9cc5-109c0eded62d,105,D#,Minor,55,40,90,1,0,32,6
2838fd14-a343-4ab4-b3e0-46fd507d44f3,135,F,Major,81,97,77,75,0,35,3
86106528-82e9-44cd-ad3e-6c729efd728e,128,E,Minor,82,61,59,30,0,12,4
2639c74f-3a5b-41ef-b5e5-1b12828773aa,101,F,Major,74,43,69,12,0,12,7
cc018a22-773d-460d-b9cf-29b72886bcd0,122,A#,Major,88,43,50,7,0,14,5
3aaf7d97-9b06-4390-9871-106aa1d66bf6,105,,Minor,76,49,56,80,12,10,13
1b6b3d65-ce39-4fa1-8c68-7f184d4f27c2,83,C#,Major,53,40,36,73,0,11,33
1fa3d598-65bd-45bc-8da9-0c1b8923a7d9,77,B,Minor,72,59,76,24,0,42,28
be3a8f13-cfc0-4041-9274-6567e62576b1,140,B,Minor,75,18,25,78,0,11,26
f7688315-3e6f-484f-bc11-d46f641a7945,158,C#,Major,65,72,95,31,0,92,5
ac79055c-823e-4cf9-a16b-9498f0dfc210,176,G,Major,75,43,65,15,0,11,32
7afbdf19-bf07-400e-b20e-bbfef0c0cec6,98,B,Major,73,88,57,56,0,5,2
7c3e38cf-bf3b-477f-bb9d-86af372b7968,107,B,Minor,66,47,40,72,0,11,3
d44bc4a9-be5e-48bd-aaf0-c4ddbeef6e25,109,F,Minor,66,16,57,10,1,12,3
b480c058-0035-4190-9ba9-663af4d1f741,109,A#,Minor,84,72,74,10,0,34,7
9d35d6be-5e93-441f-bf9f-6eec5f91646e,148,,Major,53,61,81,5,0,36,4
a5c83d6c-a0d1-41d2-b1e6-11e0c49b7a01,158,F#,Minor,60,52,76,17,0,19,5
e820037b-1238-4ef0-aedf-d37c67351072,94,F,Minor,74,64,73,6,0,10,6
9c406e14-5ebe-455c-b73c-9ffad9729501,96,F#,Minor,70,40,51,35,0,10,4
00e967a7-6f0c-4bc1-91ce-da9448b37d41,100,F,Minor,80,29,67,29,0,12,3
d0e8d581-2503-4c45-8833-e648b7e6363c,105,A,Major,58,42,68,1,0,14,4
7c0edfcc-8a43-4af6-97a9-9f792f55fae2,125,,Major,53,32,66,38,0,9,3
103b7da9-23db-4780-81b2-b393ed7393e0,170,F#,Minor,56,56,63,13,0,19,27
660e0575-24c3-44b6-b8d7-155d07425ad8,115,,Major,70,84,90,17,0,41,6
cc40a202-8374-48ad-8151-0e192905cc43,122,G#,Major,64,25,89,0,0,15,9
08e95adc-4009-4139-82f4-63837961cd8a,105,A#,Minor,88,82,80,8,0,11,8
6e6544b6-f1b4-4734-8539-fe3f60600dbc,133,F,Major,66,74,84,25,0,21,4
de8b0509-d54f-4fbe-a03e-32f9d31c7247,100,,Major,79,60,68,7,0,26,4
8e776985-a086-4d4f-9a95-5609f3440348,120,D#,Minor,82,55,45,15,3,9,10
a813840e-7fc6-410d-a35b-0b970e5b5bfe,177,A,Major,25,17,30,90,0,13,3
fea12dda-688e-4b6f-ab98-ed614b988fd8,142,D,Minor,64,31,72,15,0,9,5
cea55748-7185-4391-8f67-e7c0e933f357,144,E,Minor,57,47,84,1,1,52,4
354f0ad4-d60d-49de-a07c-ba1e3ca90723,120,B,Minor,65,80,86,9,0,19,10
c405add9-9b98-40a1-bed8-201e3bd7876e,135,D,Major,92,73,51,55,0,15,6
2cebc8df-0185-4658-ade8-071027a63cc9,107,B,Major,81,82,78,38,0,12,4
934ba9a3-2d3e-4902-b867-7247b00c225b,105,G,Major,82,62,74,10,0,33,7
6056cac3-5270-49e4-82c5-bd2890603c71,108,F#,Minor,44,38,77,9,0,9,20
d80744fb-d990-4bb4-9038-d9cefd48d8e4,147,,Minor,51,62,79,22,13,14,3
2a671e4e-1575-43fb-bdb8-290e39a78f65,115,,Major,71,34,88,16,0,44,4
a8fe3adc-e0c6-4093-981d-7cfda6709a93,174,F,Major,70,57,64,23,0,8,32
8ada68ea-d603-4af1-b1cf-5ca680880317,90,A#,Minor,68,83,71,3,0,31,8
3c72831a-6ccb-4efa-a84c-32f6a5317653,141,E,Minor,41,9,25,84,1,14,4
d73dcd8f-78c4-4745-a282-0d46c52c759f,82,F,Major,68,50,49,56,0,8,4
88437658-0c75-4ef2-be9a-2b3151860155,92,F,Major,47,25,43,62,0,32,3
cf8eb0dd-cefb-4061-8430-26ec1ce9daef,116,G#,Minor,77,65,80,6,0,15,4
6e13dc41-b303-4f03-b746-19ab0a6ec02c,124,A,Minor,79,59,86,4,0,8,11
02811f13-4752-4ead-8f0b-4acf11702167,125,A#,Minor,71,83,89,1,0,17,9
3fa1dd4b-1acd-479d-a2c5-0cc308c2e5e9,90,,Major,80,71,69,2,0,27,10
40ced3c2-64d8-46b3-93eb-0c9f0dbbfbd5,83,C#,Major,46,34,64,31,0,7,34
c2ec623d-6009-4579-bb63-f0063fe75a76,124,B,Minor,79,68,79,1,0,10,8
d5ba4e66-e4cb-419c-93b5-bc03682a2daf,140,G#,Major,58,4,60,7,41,8,3
08656843-5398-43e3-a2cb-f39782cfe8b0,154,,Major,64,61,91,15,0,72,4
ea6b922e-c80b-41e8-aefc-f46d2d00418b,150,D#,Minor,74,89,70,2,0,5,6
1dcfc090-da8a-4cde-8bf1-11ce9fe2379f,186,E,Minor,41,9,61,2,0,12,5
013f4532-47a6-4358-b4f3-f012f5dd5469,166,G#,Minor,40,23,48,5,0,12,3
91593d72-0806-488e-b6d1-f5573e869bb4,107,,Major,87,20,83,0,4,31,9
a75c01a7-c7d6-44fb-8085-18dd8ea4ce64,87,G,Major,87,52,52,31,0,28,24
b23f5555-e63e-4d2f-b1c8-8373441fab6e,82,G#,Major,40,39,64,21,0,7,7
5310f772-8a46-4621-b0e3-c7659f017cd1,114,A,Minor,46,60,28,91,0,21,4
8185375f-380a-4c61-b9c1-55e98badbaa5,148,G#,Major,47,15,52,38,13,29,5
518c60b1-5421-488d-b820-bdb0e096016d,140,F#,Major,91,97,57,38,0,40,29
faf49592-c158-476b-aacb-ee5e224ec001,101,G,Major,90,76,81,15,24,33,6
aed7a5c6-c788-4968-b4e0-855a0811cda0,140,C#,Minor,81,6,84,5,23,6,6
a6a397f7-8d71-4280-8d50-88bfb9a0d552,88,G,Minor,49,24,66,19,0,18,29
f0643851-a902-4966-92e4-cbeaa9fe34da,180,C#,Major,64,44,65,28,0,14,12
3ae16ffa-d887-409f-8e5f-94868ad43514,133,D,Major,95,91,89,6,0,31,24
2724f0d9-8fa3-42f0-b269-31a398ff76e8,108,A#,Minor,63,20,55,72,0,6,6
d86f8699-9935-49f3-8dad-88d5dc5a436b,80,F,Minor,39,24,43,39,0,23,3
1bd4a05c-b29d-439b-8e1a-06bf3a7ec904,75,B,Minor,80,46,62,3,6,11,46
36cd0d12-86a9-4e59-857d-23ae79f5586b,121,F#,Minor,67,26,64,52,0,17,10
4c59e3cc-4844-4248-8499-f7a74c93c25d,140,D,Minor,58,17,62,18,0,20,8
2ccf6aef-6699-4d5e-b3a8-157d14d8e199,126,B,Minor,81,59,90,5,0,36,3
da5373e8-34f4-423d-9209-98245f52ed20,102,C#,Major,58,29,94,0,0,9,11
c65f388f-f55b-42f4-b9a4-b40b0bf2f503,82,A,Major,70,31,34,60,1,11,4
c84a27d0-3f2c-4ef0-b237-f8a7379d4c20,121,C#,Minor,46,53,78,23,0,72,6
d9a9ab43-3b9d-49ee-9fb3-e8a86aca64fd,103,F#,Minor,70,92,83,1,0,7,6
d348e2f5-8559-481f-b001-1866fce3b6dd,108,F,Minor,82,88,76,9,0,12,9
66779f4e-0276-450e-9c0f-8e4121829226,85,F,Minor,65,36,47,31,0,12,10
e3cd33d3-f9dc-48df-b48f-1bcd5fda6d73,125,C#,Minor,84,70,69,1,0,5,5
0e6c3631-5fdc-4baa-addb-42f928102446,120,D,Major,69,40,39,41,0,13,6
27587b48-820a-4e95-9776-0aad0056e56b,94,,Major,58,44,57,57,0,10,3
61da6f42-c304-4f4d-b430-4f9cfddca3e6,130,F#,Minor,65,49,80,22,4,7,5
eafb696e-9a9a-4797-8767-06f48e04cf92,110,E,Major,74,51,74,2,0,29,4
e59e2b96-0b05-47be-b0d7-52ec316a8ac4,150,G,Major,34,33,63,16,0,7,4
f3c2c869-a8f8-4ec7-9af2-3096ccd435bc,107,B,Minor,74,88,65,28,0,46,3
15b9046c-67ab-4361-af9c-60e698100983,140,G#,Major,70,85,41,71,0,45,5
1b2f0f21-abb9-4910-9533-dcc696fbf551,119,D,Major,74,78,37,84,0,6,3
b165dd45-d8b3-4c31-a7db-ba9dae4d7aca,93,E,Major,35,38,23,91,0,29,3
be7be849-6ff9-40ea-ac0c-392192742c71,133,G,Major,46,53,63,5,0,30,18
300b1f0d-726e-4c49-918c-47a3b413495a,202,G,Major,24,76,60,77,0,12,4
cd36cb94-1216-4b75-a0fc-7e0bbc66152e,134,C#,Major,45,72,24,91,0,18,4
2cf44c80-1ca3-433a-a3d3-164195f819fe,105,C#,Major,72,33,51,48,0,9,3
fa16f16a-02d6-4527-bd13-d3f252aba96b,160,G#,Major,51,69,81,0,0,21,5
21303a86-865e-408d-8801-5e353570e416,148,D,Major,50,96,82,47,0,34,4
55eb0b98-87ad-413c-9730-a25290530267,151,G,Major,65,70,47,87,0,9,4
f4ff8495-8590-4c1f-89a8-5105123c7bef,162,F#,Minor,67,88,54,51,0,9,4
3b7015c9-c06a-4bd3-a7da-48f87f7d0b98,92,D,Major,53,84,77,40,0,32,3
25c87f14-8b46-4103-ab7a-580f343e7204,152,C#,Major,65,35,65,44,18,21,7
39950aea-2aae-454a-b1ad-7e331d62ac64,65,A,Minor,71,55,26,85,0,13,8
1db147d5-518e-43c5-aac2-d4bf5b3bad31,147,D,Major,33,39,61,32,0,77,3
7f9e80d3-9d14-4596-b814-789b1b806c60,150,A#,Minor,73,71,69,53,0,32,9
cfb5883a-09a1-49ed-abdb-b2d17267d765,140,,Major,67,81,36,64,0,15,3
33140422-3240-40c0-bdd7-99fea5c149ef,139,C#,Major,36,22,15,84,0,11,4
b8d03d9e-1347-4a8c-b5c8-26ad320cad4f,95,B,Major,75,74,58,36,0,9,3
82e1122e-0ae5-4ae4-b046-e9963cfaf06c,115,,Major,60,23,57,0,2,27,3
f0811ced-6f85-4f75-ac98-60c84d0d0fd1,125,F#,Major,62,59,43,84,3,11,5
a5fb0578-4ff1-424e-8499-86cec89a992c,76,,Major,60,19,20,78,0,11,5
dfbcb718-ae8e-4535-82f0-bb72aad9cc44,101,C#,Minor,72,91,87,14,0,13,3
4fd7ab25-5d21-4f24-bb83-8ab731b0c1ef,143,D,Major,60,86,32,88,0,34,6
899f4b67-87a3-40fe-afd2-cfbe9bfb7ebf,119,G,Minor,51,51,66,67,0,9,23
7c4e5422-50f1-4d90-b782-965feef74f0b,78,A,Major,67,22,59,76,1,15,16
4cf595cc-ed64-4997-b8fa-3f1c38eeb13c,96,A,Major,23,19,25,91,0,40,3
3d5687c1-b5e9-4d35-baa6-30e96416a0d9,180,A,Major,51,87,58,36,0,18,4
523a85bc-1882-4b32-91dc-206090520868,126,D#,Major,34,35,76,39,0,8,5
b3deeec3-2333-4fba-b9b0-2d6eb4f4db49,150,F,Major,43,42,44,57,0,15,6
f27a9594-5568-4fce-bedf-c620b95991d1,90,D,Major,53,47,74,9,0,34,4
9de6adfc-ccf2-4844-a843-7732088f7e71,160,F,Major,72,78,68,28,0,11,12
dd3d0698-c997-4ad0-9af4-1a93c3d22e00,114,,Major,59,60,94,24,0,10,4
5cbde625-8864-43cc-88aa-c60324540663,113,G,Major,73,72,32,77,0,15,5
4e9895a4-f6b7-4d65-9870-b80008da59eb,147,,Major,67,69,72,17,0,19,3
492a0aa3-83a8-4a41-bf05-359ae5839ef9,100,B,Minor,70,92,59,3,0,10,3
8aaa2731-a1f4-4674-bc3a-c16354b36b0e,155,G#,Major,49,42,77,3,0,12,9
977b8409-bdc0-440a-94be-77f43838b888,107,G,Minor,54,41,39,51,0,11,16
5a79b7a1-9d8b-4c4e-b514-732939f57ebc,112,G#,Major,80,15,54,9,0,38,5
601080e3-85e1-4e2d-aa64-9d294910aead,166,C#,Major,70,57,57,9,20,11,7
f9b42416-026b-4d89-87cd-141367193763,107,F#,Minor,69,96,36,81,0,8,4
9416b640-9ac0-4aeb-bcb8-ce6aa1516573,81,G#,Major,47,33,68,24,0,22,38
3ad041ab-b148-4da3-8048-37fcb8b3b330,150,C#,Major,79,77,46,5,0,11,7
00679f63-626b-487d-ae36-2a44e17af488,110,A,Major,66,19,32,69,0,12,4
6e719b24-d840-4104-81b3-126bbe199078,108,G,Major,64,4,40,6,0,10,6
2d698f5b-4dd4-470a-8e76-c5587a90e102,130,E,Minor,89,48,74,30,0,7,36
64f3afdf-e2df-44a0-abca-15a76afb396d,164,G,Major,70,39,56,6,0,9,7
4bca88d7-f93d-4d20-8213-5a7554a127d5,114,B,Minor,80,42,68,2,0,66,4
75b27a09-d167-497f-a651-d3862689b34b,93,F,Major,63,93,88,1,0,12,4
8a888311-1439-48b1-a062-06b368b3ba7a,90,C#,Minor,87,51,69,36,0,9,8
37039476-78f0-43ae-875f-e5621f3476b9,128,B,Major,45,35,68,78,0,39,8
0f836fca-531b-42e6-ad20-bdaa15f1e763,97,A,Major,83,47,80,2,0,24,9
254afe5b-9c3b-47e7-b610-5582a9205de2,152,G,Minor,69,94,71,79,0,7,8
9390cef1-337d-4dc0-b4f2-f9722bcf589e,175,G#,Major,51,94,34,73,0,10,5
0b4a5c0f-f618-479a-9854-92144a5401a4,116,D,Major,61,48,55,67,0,16,8
74731896-9a2f-4b5d-82fa-94dbc29aa319,80,F,Minor,33,51,59,76,0,44,6
c75ed24b-ddc8-4a63-964f-9dd8b7d6e4a4,93,B,Minor,63,34,86,26,0,21,39
6b5e6036-9105-4eb8-80fa-0e064e069f6e,122,E,Major,70,42,54,30,0,37,5
da0af5be-0c5d-4a32-83f3-cbc044088d31,122,G,Major,70,91,79,3,0,7,10
3a666f33-73d8-4a88-83d4-4c19b28ff03a,135,A,Minor,70,60,58,4,0,16,3
2cbbe816-18b8-408c-9c1e-65690ba77337,109,F,Major,60,45,47,62,0,31,5
d748a396-3109-4824-b822-c7c5a4824ef8,93,,Minor,65,82,74,27,0,32,5
3a638ac0-1436-4138-bf2d-593c22cddf9f,125,B,Minor,85,64,81,2,5,7,9
ff7c00ab-cc93-4333-92f4-c5214e5b0eb9,206,,Minor,58,83,45,36,0,11,8
84b1fdff-8fe7-475f-8c8e-57a47d15a3fe,130,G,Major,76,44,77,1,0,13,3
0136c738-3604-487c-939b-b223d3a5362c,121,G,Minor,80,62,51,2,0,9,8
51c65d26-bc63-4833-b29e-25619b3c7083,123,F#,Minor,74,35,73,0,0,21,5
7a79c00c-7a70-43c5-a097-4f6db2f013ee,122,B,Minor,67,50,67,15,0,30,4
52c3d786-ba68-4977-8b3b-bc305f9f7c2d,143,,Major,53,50,79,0,0,8,3
7b45b472-fc8a-43bf-b0b0-52210ef974fd,121,A#,Minor,70,35,77,1,0,26,4
3cb8d643-926d-4da4-813b-d71909e3f0f6,166,F#,Minor,56,68,66,28,0,11,18
d303fa9c-87f1-4086-8dd6-6bf8bc1ff8ee,135,C#,Major,41,27,64,36,0,60,3
7addc2cd-3c8e-4228-a747-4297e2bdce93,87,E,Minor,49,49,59,44,0,35,21
64f09f92-2381-468f-802a-bbd92062e93f,111,G#,Major,77,74,66,30,0,13,3
64ae1eb2-b576-4378-81f1-4e48591229c5,110,D,Major,75,85,84,10,0,31,19
96477934-f003-494d-a6cd-8f1f0375972d,130,C#,Major,66,19,61,30,0,9,7
09b2cf49-0650-4e73-8851-e7b600f7e237,179,G#,Minor,61,76,51,30,0,38,15
f3683176-ba67-4706-a085-8913578fafbd,93,F,Minor,74,53,73,61,0,13,4
eb7d166a-4c51-4409-95eb-9ad6dc306418,78,A,Minor,27,10,49,62,0,49,5
cfc16919-446e-452e-92d9-f3d7f5a426b3,180,D,Major,65,37,58,2,0,4,31
e4f78cb5-337f-4bcd-9cc8-65e34d79a418,86,A,Minor,28,13,41,50,0,19,3
86aa716e-315b-4a5c-a7bc-fd2fd6b5ebc5,88,C#,Minor,74,55,85,1,0,5,22
5bc75969-414f-4ae1-86a0-767c7df30fb6,97,C#,Major,68,72,78,4,0,7,5
c9c3fd24-cf4e-45b8-990d-4cf6ae1fed97,134,B,Minor,71,59,80,13,0,36,5
08b13524-e0a0-4d7e-b6ea-8fdfc494e55d,116,D,Major,75,36,76,12,0,10,10
2e53dc50-34c5-40f7-940d-b62fdcc55d8c,170,E,Minor,64,14,70,9,0,9,8
27f93873-f852-4087-bb62-c7977f55aad3,140,C#,Minor,83,40,55,16,0,14,23
d462419f-e24f-43bb-9260-6624a97ab27b,118,G,Minor,75,46,76,3,0,9,4
ae462349-955c-43d8-9859-11f40e6d2093,65,,Major,31,31,24,76,0,14,4
69cea54e-270b-4874-9400-0a6d38273b15,120,,Minor,56,16,67,0,0,11,4
2a8fbdf2-221c-45fe-a2b3-c3f097bd778b,176,D#,Major,29,12,33,68,0,12,5
89d41168-8ae1-4a2f-9a3c-e617ebebd933,180,G#,Minor,59,69,61,84,0,46,36
43c682f1-3219-414f-931a-aeb35bc89d1e,144,A#,Major,59,21,43,76,0,10,7
433959f7-eef0-4c8c-9ece-0817ba06dcaa,133,F#,Minor,82,52,61,38,0,14,27
4604b5f2-88fc-4be7-841d-72e1fa2dffbf,93,,Major,63,21,52,28,0,9,3
5992fc87-d272-4a38-99e7-38098f5d8c7e,122,A#,Major,77,25,62,34,0,23,3
60af543a-5683-4fbf-8694-637fa21a3dd2,88,C#,Major,53,55,73,9,0,3,5
05938b01-165d-4b0e-8101-8d72b58d11b6,170,F,Minor,70,61,44,40,0,37,4
68eb5aaa-0b85-4631-a9f5-96a3b745edfc,94,F,Minor,46,55,50,71,0,10,11
42328d90-0349-421a-b077-5f06e4e4baa7,170,A#,Major,65,46,47,12,0,13,16
fe438fe0-039f-4143-b377-e5a92958a6f2,90,E,Minor,79,79,70,57,0,66,8
3460d7e7-8cb2-461c-884c-e455bece23fe,78,G,Major,40,7,29,62,0,9,3
acf1d9aa-5c6c-4fa3-bff1-7a3bb10c1e31,94,D,Major,57,36,58,5,0,15,3
c89e5c91-4e77-434b-9017-f5e7d89afacc,73,D,Major,83,11,41,0,0,36,14
5bda8017-b983-4f92-ace0-a19146c0692c,176,C#,Major,73,79,86,42,0,7,18
03672e1e-ee9d-450e-9846-d6103a86aecf,128,D#,Minor,81,57,63,40,1,10,4
e08bce2c-77a3-4055-87d9-1943c05927e3,120,G#,Major,58,44,60,44,9,5,6
f2ae1cac-b968-466b-b0d3-4944cf095a84,82,D,Major,63,85,62,6,0,35,4
32ddf12d-d496-4eec-947f-71c4a1eb5a2d,95,D,Major,77,40,47,2,0,9,3
f16cd5cc-4475-4ca7-afda-3846fcc5ec15,118,,Major,44,52,94,11,0,4,29
9b6b6388-ecd9-430d-b0ab-3efbe42cef6b,123,B,Minor,75,93,86,8,0,14,3
da6d6606-50fa-420f-9554-a378e203de16,90,,Major,63,49,68,38,0,42,18
71b526da-ec67-44c3-86dc-dc96499cb7b6,110,E,Minor,73,14,57,40,0,11,5
1866d445-c495-4ba5-88b9-0dc752f77d8a,96,C#,Minor,66,76,82,47,0,10,32
bec959d5-670b-40d4-8927-6c81435c03ac,88,D,Minor,56,58,55,35,0,23,11
ce1f8a63-593e-4b9e-87cc-a6cccde1c224,98,A,Minor,73,60,85,17,0,24,5
b7ad182b-3ab7-45d3-a095-55b9c6eefa07,110,,Minor,72,67,68,0,0,14,4
4ee56043-f830-46d4-a20c-c309e76a79ce,80,,Major,70,57,49,19,0,12,8
66696254-5d48-4489-baf5-c232c356052a,110,C#,Minor,86,31,53,43,0,11,6
92ae24ca-0cb0-4936-9447-164be2b4afd6,110,G#,Major,79,70,36,0,0,6,11
060b609d-93da-4fc6-876f-70b319e996e5,78,C#,Minor,77,49,42,1,1,13,19
4f056e34-ca0a-4e6b-8916-fac77b340e83,129,G#,Major,83,44,62,2,0,8,6
2c059053-7970-40fd-a8a4-d357be79fc37,181,A,Major,44,22,60,61,0,42,9
199ef48c-23d1-4d21-b70c-bebd9a652a6e,114,F#,Minor,75,74,77,1,0,9,10
210ed44d-bfc9-4df7-9e11-e36151a24c1c,144,D,Major,74,39,65,5,1,11,35
7ce15ec2-35eb-4f2d-80f8-32b6444f5f43,101,D,Major,66,18,68,9,0,12,4
79fd9382-d42d-465a-b9ba-797ea01ebe8d,84,D,Major,67,78,63,29,0,12,5
02056c7c-ec3d-4eff-bbff-12d6a169fbf6,154,F#,Major,66,63,69,21,0,11,7
94ffe158-4b3a-4a51-808f-6059161cc4bc,148,F,Major,59,72,62,18,0,9,3
79c36593-c197-4308-8534-a2e21e06148f,146,F,Minor,85,22,37,13,0,7,30
ba2ddb8d-ef15-4aa2-94c1-2f6daffdf52d,120,B,Minor,77,51,79,20,0,26,6
1f290b1f-39d9-4f54-ad55-c9c58fc4ff76,110,A,Major,53,75,69,7,0,17,3
75d6f4ab-4310-40b4-80bd-bcf14a424a56,136,,Minor,77,82,30,95,0,13,5
f29a61f6-efd5-4e78-be00-e7d45740c8b1,141,C#,Major,59,56,63,12,0,6,36
1cef54cb-0242-4c50-8dae-919b033f4691,108,A,Minor,46,23,48,75,30,14,4
2e659594-9b3b-474c-9e2e-6e2a75e42118,94,,Major,42,47,36,76,0,9,5
341f5287-44ab-400f-8f6a-363f52f190d6,180,A,Major,35,41,94,0,63,5,5
98948f2a-f59f-47a8-8c89-129c1c9d01cb,122,A#,Major,77,51,79,5,0,16,5
4f4200b4-e90d-443a-8678-88fbda1127ed,85,A#,Major,59,33,52,7,15,12,3
4f6554ef-8074-4194-a401-cc769981d949,148,C#,Major,68,29,73,0,0,7,7
5d1563b5-8600-413e-a8ca-44bc4ce3ed21,120,A,Major,83,59,73,6,0,5,11
61474eb4-77c9-46f8-af67-5cbc9c645293,91,G,Minor,70,76,72,22,0,27,4
ecc0a769-d2b2-4921-88ad-40106ca72b99,120,E,Major,72,54,71,26,0,10,4
101375c4-11f4-4e71-a2f7-68d2f7466536,106,,Major,86,86,79,11,0,8,9
33eee1cd-01ba-4e4e-b7c0-fb828e0452f9,110,A#,Major,63,31,35,93,0,29,3
1f36220b-1586-4769-a005-626bc6eaa6fe,169,F#,Major,39,36,45,81,0,8,13
8c227b9a-e262-4968-a59f-c6ce834b8a04,118,C#,Major,80,21,55,1,0,26,17
e38bbeb9-3dfd-4270-bb2f-a9355617cef3,92,G#,Minor,91,79,66,32,0,9,16
ed0c7837-a242-4b1a-a1d3-dfddbd0633e5,112,D#,Major,45,19,60,63,0,9,6
558eee76-b5bf-4715-9dbf-45bc3f1a14bd,140,D,Major,79,56,91,26,0,13,21
cc0b91a0-27e6-45f4-b96f-22069c5b1d62,105,G#,Major,73,52,76,13,0,5,3
81a9312d-4b1b-481e-93b7-caca31c63d09,178,F,Major,76,63,77,14,0,15,22
bfce0f03-6891-45be-8d1e-4ce5df843412,108,G,Minor,96,71,42,57,0,8,9
96971f6b-f9a7-4e56-ace5-7c4fa0d025bc,173,A,Major,40,19,29,86,0,34,4
c139d7c0-893f-4878-98ed-c1eac514511a,101,C#,Major,67,40,90,3,0,34,6
65f2b69d-cef7-4e1d-8ee2-9be2702dc727,120,G#,Minor,80,24,62,41,2,11,23
e2471253-3887-4d74-ad92-e85842daf595,144,,Major,73,66,80,44,0,9,12
b3c6396a-8822-47c0-9e14-58d5c21b688f,133,C#,Major,75,96,61,0,0,18,4
7b74e019-ab45-495d-b9d6-850c5d9844d0,158,G#,Minor,46,62,83,53,0,97,28
fdd842ab-0f18-4520-8a94-73782db9ac01,120,A,Major,81,92,90,9,0,8,7
1c5516a1-e92b-46d4-b084-b7aa8dc0abcf,129,,Major,61,59,46,56,0,13,5
3f96f873-1c6a-4f60-abe6-4ed4d2a76d4d,102,G,Major,74,45,89,5,0,26,13
609ee96a-2b87-4cb4-958d-1889e8490b88,124,G#,Minor,79,79,84,2,0,5,5
2a55c018-06bf-4f90-a5b3-9063a26d7cc0,90,E,Minor,73,31,45,85,24,11,3
e3e9c0d4-b83b-46d7-9364-c20e0e3bccd2,161,F#,Minor,78,65,52,46,0,12,31
00bb61ae-d797-4a27-aaa1-f4d9ed2eb0fb,120,G,Major,60,11,33,90,0,8,5
80537488-ddbf-4c7a-8ebd-5f4667d8fdcb,81,,Major,45,12,57,7,0,23,3
7f5db413-7f0f-491e-8318-fa6af4c27a84,150,E,Minor,78,47,70,18,0,15,9
e88d55af-5a7a-4c58-b72f-1f5ab99baa33,105,G#,Major,76,58,84,10,0,13,10
50be808c-1d46-4fec-a048-1a9628f5061f,79,F#,Major,63,76,67,38,0,6,4
3ec7d14b-03e3-4abd-ad46-9cb089750c09,146,C#,Minor,52,7,61,51,0,11,3
b05fb9be-fe66-45e5-b7db-034a77160ad4,124,E,Major,64,8,37,79,0,9,5
4bb30ffe-cfea-4b30-8078-af35239af756,126,F#,Major,53,66,85,2,0,24,4
bad8c779-ef6d-4be0-af06-fa65b8724a98,121,G#,Major,75,53,74,2,0,11,5
85fcf4d6-af50-45d7-8a69-7e8944479f23,136,B,Minor,80,33,60,0,0,32,14
7484bf4d-6d67-4276-9bdf-073457785f9d,102,A,Minor,77,26,63,58,0,11,5
b6636ebe-d65a-4aad-b0a9-2bd722e579b0,77,G,Major,73,54,74,23,0,41,23
ef667f11-c1e7-44bf-b3ba-0f97660a0f18,98,F#,Minor,82,54,59,69,0,18,10
8ba650e1-8604-432e-9b03-eaeea0882260,84,B,Minor,44,22,48,38,0,33,24
ae8c07ef-fcb6-4bac-905c-985e9e8510c3,102,G#,Major,89,77,82,3,0,17,11
024e7446-bce5-484b-90c9-004d5dfb5f8c,120,G#,Major,42,33,26,92,0,13,3
d0a77600-87bd-4091-ae74-a5d7459e78d5,117,C#,Major,52,73,91,0,0,11,7
d518a04d-27a8-4386-96c2-9fa3154de4d3,72,A,Minor,45,27,33,82,0,14,4
3f5ca2c6-71e8-4a42-9796-900709ff63cd,168,C#,Major,67,29,47,5,0,22,26
2db1cf9e-9305-423f-a992-253b4e8888aa,94,C#,Major,52,68,69,13,0,33,8
bde13361-b51a-421f-9d89-07e7de37d129,145,G#,Major,41,65,88,0,0,26,5
2f485a3d-cbb0-4fa0-84a6-ec83c21fffc0,134,C#,Major,71,14,61,1,0,23,33
63bc51c0-955c-4d25-adf0-49f1926f300a,148,C#,Major,35,24,93,0,0,10,8
f41868f2-10a1-40af-a9fd-f964533f6e29,127,E,Minor,60,40,89,9,0,60,6
d3bc83c9-96d5-4fe2-85d4-64bead0c68ea,172,F#,Minor,74,79,66,11,0,8,16
db492fcb-c5a9-4720-938e-7d6bd7dc49ca,90,B,Major,75,19,46,21,4,34,8
7bdb97f6-8518-4970-b0cf-14f85752c2ad,96,G,Major,57,30,40,38,0,26,3
29ffb6c9-1196-492a-83f5-14ddfb26e0d4,138,G,Minor,74,65,67,46,0,36,4
68925605-d492-4b6a-9b50-8d77072951d8,120,G,Major,72,67,72,0,0,13,4
1e25a837-ec74-49f1-92e1-dfed7798979d,125,A,Major,70,65,74,1,0,34,4
c4f0afe1-4f27-48e7-bb4f-6ae618e0e489,123,D,Major,82,80,86,1,0,30,13
a44c6b62-37bc-4cd1-bda8-09895655878f,81,F#,Major,79,44,54,41,0,13,24
27678f87-bcf3-4dd3-8c25-b9224a68bec6,171,C#,Major,55,10,85,7,0,8,20
357941a2-f47e-447f-9d1a-2af8d629ee2c,91,B,Major,77,60,32,84,0,8,5
b0184f24-3bcb-4f23-9f86-938d0c89f07a,84,G,Minor,56,61,76,10,0,14,11
562c71e9-3d1b-456f-b630-99829f27af29,115,F,Minor,90,74,54,16,0,13,28
e14f6635-d058-41ca-8965-46277ca71ea0,125,,Major,69,70,89,4,0,49,3
33823cb7-93bb-4cc5-a97f-b668ad84d546,122,F#,Minor,80,62,69,28,0,13,7
0e9c3366-1d61-45da-bc10-856a7765e67a,92,D,Major,85,92,54,16,0,29,7
68f88709-8de0-4ead-bf46-423606c5c77a,90,F#,Minor,63,75,75,17,0,11,8
46fbb97c-23e3-40ef-afe5-4a282d0fdcbc,94,E,Minor,84,90,70,9,0,14,8
5205a943-30a2-438d-9930-2d783ef60b10,93,B,Major,81,53,78,18,0,6,24
e703edd2-931b-47af-a66c-4a767c06c293,130,D,Minor,51,50,76,30,0,10,7
892a5f78-ea8c-4cda-9e49-a76bb6dc4404,180,G,Minor,35,23,61,23,0,19,6
2149e16a-9090-4a21-aeb6-914eb361de1b,134,,Major,53,31,31,92,0,28,3
330ea98f-9933-459b-a690-67f92c4089ee,95,D#,Minor,92,31,89,3,0,8,25
17a71505-145a-4a35-906b-c64a0ce2fc43,184,F#,Major,69,91,63,11,0,9,31
33f47dc6-515a-4b8d-af7c-1e0a1ca90086,147,G#,Minor,47,50,80,10,0,32,38
6d13e0b3-de9c-4c7a-b1f6-540d60c093c1,123,G,Major,52,44,60,40,0,26,3
4475f4a5-95d1-4551-bd24-cc40fbab4b72,123,A#,Minor,91,49,61,3,0,17,22
3e06e4cd-877d-46f0-911b-f64f4dd1a091,90,F#,Minor,90,79,71,26,0,7,37
cf43e2fb-76c2-4f40-93f9-0dc8f4d3094a,160,D,Minor,61,65,64,1,0,12,4
ff365e5f-e0b0-4a98-93b8-8a18d6cb673f,115,C#,Major,60,37,71,8,0,48,4
a40b29e6-6168-4c94-bd80-eebb24cb0886,141,D#,Major,37,17,67,2,0,34,9
203f01b3-2ff7-4323-a211-92576aa9e94c,160,A,Major,31,30,88,7,0,8,8
48b18b63-7b73-4855-9f88-dff9d9c40c6c,145,B,Major,57,23,66,4,6,15,4
294ce5a5-ee08-4965-9324-603dfc9343cc,89,,Minor,46,43,43,23,8,8,22
50485934-b37f-48e1-8098-8e0d2657b7c7,95,F,Minor,84,49,72,8,0,15,8
71c13c64-94af-48fa-8054-e46c6f86eadb,160,D,Major,60,47,62,3,0,38,4
db55429e-1539-4cf4-b976-d182113feee4,92,G,Major,77,76,84,3,0,38,4
95a90593-8f88-49ab-88ad-722b00b167a1,134,G#,Major,93,61,74,9,0,17,8
992d9779-ce05-423b-822f-737236680158,172,B,Minor,31,4,86,1,0,28,17
ff52fe29-6742-4b69-8569-2a5360afdc89,80,A,Major,76,92,62,6,0,8,13
9d9e6ac3-b0fb-4d16-8581-f131357eb8fe,150,C#,Minor,91,42,60,0,0,9,12
a3f1b0e3-6306-4b97-b65a-18d27a0a7df3,80,F#,Minor,78,53,74,4,0,45,21
d4253862-d69f-4927-876d-7167460880e7,166,A#,Minor,81,83,75,14,0,29,34
8ee1afe9-d26c-4c0c-99b1-9e6656daf7d1,120,G#,Major,67,8,54,27,0,8,4
a1890321-48f0-40e3-96bd-b08d98042f95,92,,Major,86,89,79,17,0,11,6
1662d862-8194-4696-a03f-7698f4f0be08,85,G#,Minor,74,61,52,30,0,26,9
b46ba6dc-27eb-443e-98ec-b41ab69b1884,154,D,Minor,79,86,52,66,0,9,7
29d5de7c-01ad-4bca-b014-287886aba849,92,D,Minor,73,37,74,28,0,14,6
c7e960d1-92fb-4774-b790-d34b81aeb6e3,140,B,Major,89,75,70,6,0,13,5
ff203715-c93a-45dd-9a07-0d46817d7490,89,C#,Major,65,60,60,11,0,10,40
3ee5f721-3825-4535-b2f9-21a04b300f00,135,F,Minor,89,89,86,16,0,8,5
3240e925-d7f2-4941-9c96-900f7c496ed8,140,G#,Minor,51,66,53,60,0,11,18
cfcac625-9b3a-4e95-bcf2-f3cb6d72863e,82,D#,Major,47,44,76,8,91,9,3
0ea7b0d8-8cad-4210-946f-58188974c857,79,D,Major,78,58,45,47,0,18,3
6bb91b6e-73bb-452b-be49-9600c96cd785,88,F,Major,31,31,63,47,27,21,12
fb2d05e9-d110-4942-9cbc-19efe0ae02a9,139,F,Major,44,18,38,70,0,12,4
17a517fb-a081-4904-84fb-7367cbd29ffa,124,,Minor,73,68,83,55,0,90,7
30ed6be5-c365-441b-8d9a-efeaef0cc338,80,G#,Minor,39,45,55,73,0,9,21
253fb04c-1691-4305-afe2-a1c94eafd941,120,C#,Minor,84,54,51,47,0,12,40
6b3fd808-d37a-43c3-bddc-f808a950ab8b,80,E,Minor,56,19,46,92,72,11,3
ee44f9bf-174c-46d2-aa4d-dc122814fca4,117,C#,Major,92,62,86,11,0,24,24
a9fb468c-ce01-43d9-a8f8-065dcd51ea65,117,A,Minor,76,77,52,4,0,8,3
adcb02ef-c876-4d4e-a264-9f640ee55798,140,F,Minor,62,46,73,10,0,67,11
0ee79fd5-5f8f-4f88-a1fc-bd8cd9684e95,99,G#,Major,68,57,77,2,0,10,5
d15ef6f1-d1d5-49ed-ab89-d9f9bd807c9a,93,C#,Major,74,59,87,3,0,8,5
c07112c2-f46d-4591-942e-0a82ba4e6236,106,G#,Major,44,8,20,74,42,11,3
93499dfc-f925-49b2-ac74-9ec1d5a404d5,124,G,Major,81,68,63,17,0,10,22
d15b4b34-b687-486b-b29d-d6ce2fb2c0d1,95,G#,Major,76,96,70,18,0,33,4
9ccfab15-af25-42d2-9f9f-fce7cf0ccb06,96,A#,Minor,87,82,53,10,0,5,8
0a80ab84-e2c2-448d-952a-4f6094fcf160,92,E,Minor,81,40,73,15,0,9,8
eef2284f-950c-4c89-bc3c-33997438a752,124,G,Major,95,36,37,35,0,10,28
8dabb3bc-efea-40b1-8cb1-6ab0decd2aa8,72,F#,Major,64,76,44,70,9,12,4
540b83bc-1b6f-4d60-bb8f-6b113aea0a00,71,,Minor,28,26,20,19,0,30,3
3cbc8116-d5d3-4437-9e2a-913d8b4a495a,135,A,Minor,78,55,57,4,0,10,8
7f096d50-068a-4159-8c9b-a5b6ee65a2cc,95,A#,Major,81,56,70,4,0,5,24
6755ee71-9392-4e5c-b7b7-c03ce49425a7,71,C#,Minor,59,70,74,56,0,11,40
cf44f7df-eef9-4d7d-9ce6-04d6285238db,180,A#,Minor,80,71,68,6,0,10,37
c0786139-fa24-4002-a453-b44ed19ae9bb,150,E,Minor,65,11,58,0,0,12,9
e83ed9a6-a76c-4bd1-ab49-e5f00c1f0766,189,G#,Major,55,86,44,40,0,7,4
42441295-c3b2-444c-8062-a455361c358a,85,,Major,72,55,64,49,0,7,4
c5a0a99f-e622-4a9e-82c6-3e0c7e9a8435,140,G,Major,59,73,45,44,0,34,3
9678ed18-6378-4b60-9129-4d1bc108c778,81,,Major,77,68,70,6,0,17,20
d58734a0-a978-403a-9136-14c2abd1e2d9,104,D,Minor,80,24,65,2,0,9,4
e7f63029-f479-4766-9d46-cc8add36a878,129,B,Major,42,33,44,62,0,8,6
c7721ac1-6146-4b50-ac9e-8983d7ab4918,94,C#,Minor,76,81,80,20,0,25,4
a0996151-8604-4335-b666-5af183d45d17,71,,Minor,41,23,40,27,0,30,5
a4be0f34-96ce-4565-9614-b1dce08530e0,146,A,Minor,59,23,46,66,0,15,6
6245f110-8586-41cd-977a-ac08db62c446,103,F#,Minor,69,90,88,5,0,29,8
818dd173-956b-4f6f-aa47-f7e39d644e66,124,D,Major,53,66,78,0,0,16,5
709277bc-6bbc-46f0-a16d-ea5309c10840,164,A#,Minor,70,71,58,24,0,7,13
f360aa9e-807d-4e31-9a96-9a430d522d85,138,D,Major,69,35,57,12,0,10,9
d394976c-f6f6-4f9b-941b-3bdee802d498,126,A,Minor,67,37,46,13,0,10,39
4913473f-5a60-4419-8580-a0d96c5229dc,103,B,Minor,61,47,65,3,0,17,4
e0b9a7be-c879-4f7c-9ab7-8cbbc6d20b4f,95,G#,Major,75,64,52,41,0,11,3
afd89c5f-129f-4320-bd72-4a854352ed7a,200,B,Minor,39,28,77,4,0,6,29
0740288f-6ce9-4830-a793-f7d49555abfd,129,,Major,86,75,52,54,0,10,4
b2033a34-4ed1-4c9b-9d83-904c5185397f,98,F#,Minor,68,33,43,38,0,36,14
91646763-9269-4085-8e22-6321eb347134,107,G#,Major,91,32,56,3,0,11,10
b437b3fc-8940-4157-a82d-cf4c86270a82,174,,Major,58,56,83,5,0,7,4
f5d9372a-4b93-478f-a045-9d4c4066430f,92,G#,Major,45,27,67,32,0,13,14
8b14d3a9-17f6-41ce-abc6-5c9328bfd0c5,90,G,Major,81,59,83,9,0,11,5
ad1db1b9-b68a-4b0d-be92-0da17d74a598,147,F,Major,60,58,69,2,0,58,4
0f930236-d62a-410d-9fe8-7c33f1880aae,143,C#,Major,68,41,55,16,0,10,12
fb904e05-1e46-441b-9773-93b468cbab96,101,D#,Minor,76,63,71,3,0,10,3
e3300a8f-5785-42bc-a2a0-ff03bb51e333,118,C#,Minor,70,54,71,0,0,33,4
2d4954ff-42ce-45dc-be3f-aea67c82b220,98,G,Minor,83,63,74,14,0,16,6
31314985-8427-4988-9d0f-764777038e37,138,C#,Minor,72,22,46,24,0,9,6
8cced2cf-3580-42ee-adda-127b0848e520,114,F,Minor,59,30,62,1,0,8,4
6fdb8513-9eea-4145-a770-892e539b8cb0,180,G,Minor,63,45,64,34,0,9,8
2083b956-0091-4dab-9734-7f2df93ff4ef,145,B,Major,56,41,57,1,0,13,3
15da1fde-18b9-498e-8943-662d1d8c1c8a,82,A#,Major,79,48,84,13,0,21,23
e9deda42-1c31-4bec-9bac-2211aa6e5a4d,166,D,Major,70,22,61,2,0,10,34
f03df8a1-df10-4912-bd8f-0d1ac3f63296,92,,Major,86,91,79,29,0,60,16
6bcf55a8-bfe3-4d67-90b6-6d1bdbe02b78,108,F#,Major,71,55,44,74,0,11,6
1174ca22-11ff-4937-a323-d3858991d964,84,E,Minor,71,63,45,45,0,11,3
df49e3da-95c6-4c69-a70a-a2af1587cdfe,95,D#,Minor,69,90,91,6,0,35,4
6e30d7a3-b2a6-43c6-b15c-92c10a9f89bd,135,D#,Minor,93,77,45,25,0,13,27
77f29ab2-b8c8-4aea-857a-f82cdd7322bf,110,E,Major,57,6,27,84,0,9,3
c9013f84-7575-4618-9243-b31e1ea56f2c,88,G,Major,89,59,64,5,0,19,7
aa8925c0-a805-4cac-bd6a-f0c2c05131c8,119,C#,Minor,87,28,50,12,0,10,10
ff6e64c1-9453-44dc-9eba-580bbd82d7d9,120,C#,Major,58,71,80,15,0,7,41
22bdde31-0c58-4b02-86d8-2f685a55138a,122,D,Major,86,97,80,36,0,9,6
25841222-73c3-4ea7-a86b-0a9ecfb2d81d,98,F,Major,78,83,75,41,0,27,8
b308e9f2-7720-4af2-9db3-4ddd6bb3dc91,140,E,Minor,45,25,84,21,0,13,6
4ffefe74-68ff-4d13-b2d7-4528fb31dd15,116,F#,Minor,79,87,81,4,0,10,4
7071e739-a049-49ef-bf38-75643a6c543d,124,D#,Major,86,62,49,51,0,35,21
a7f3e4e1-0ca7-487f-98bd-d1f231185a07,105,A,Minor,91,73,72,13,0,9,15
bc0952fd-6d50-44f1-83ee-40398ac14efa,118,G#,Major,68,24,58,44,0,6,3
f78b4547-b170-4537-8019-db8fe909bfb4,108,E,Major,61,20,38,61,0,10,5
b85405e1-8fa0-42ba-9f8e-3820404a3cef,100,E,Major,61,53,38,84,0,28,44
369de552-3290-4359-b18d-f809f4e087aa,140,D#,Minor,81,39,66,38,0,12,14
88759ce9-0c46-4c8b-bc32-217ebd7a4a57,109,A#,Minor,84,72,74,10,0,34,7
54ba6642-dad5-475f-8bb0-c60c9c03ffc0,101,C#,Minor,78,40,74,36,0,17,27
0582e6ac-e511-42cc-8f1d-89d296bdad63,78,F,Major,56,61,90,36,0,18,31
b7395e89-d76b-4410-948b-8799c154101f,93,,Minor,79,22,55,31,0,12,5
3b092a6f-465f-47a6-a2fe-6c90c777df40,87,G#,Major,52,32,83,24,0,17,43
daeef383-178f-4796-98f6-994a70f02a4d,153,A#,Minor,55,50,78,19,0,11,35
83fe90a0-6083-412e-b1e8-aa8df175c2b1,142,,Major,87,93,59,28,0,17,5
f7d179cd-9cf3-4d49-bfce-36a8c289d046,96,A#,Minor,85,41,43,39,0,12,21
9ed7373d-e00d-4c41-bae9-443a30d63a06,125,,Major,50,39,78,4,0,11,33
9f5342f7-61a6-4b26-b4d6-3260e2b09d28,85,A#,Major,71,43,65,23,0,9,5
99991316-1fbc-4307-a9d4-55188b186851,140,C#,Minor,92,78,57,46,0,14,9
cbe9eae2-6da7-40a6-ae47-b69737a742fa,196,B,Minor,66,58,79,23,0,22,20
1f7f4b7d-3c55-4a7e-aa53-7e69a8141ca6,134,G,Major,78,51,43,69,0,14,9
ba87bad6-2ade-4075-a9e5-a89b013bd5a9,103,C#,Minor,80,45,62,76,0,10,38
9211f030-64d2-47cb-b9e3-4e2520c48a62,130,C#,Major,82,50,67,12,0,13,5
6c192942-f520-41bf-97a0-241033f21ef7,108,B,Major,65,52,69,31,0,8,36
3a2fa8f4-148f-474b-baf4-25c3ff8a5e80,123,G#,Major,61,66,71,53,0,32,46
9e03f5d8-8c88-40a9-8cbb-0e4801cdd3a8,152,B,Major,84,74,69,21,0,18,6
a9adf134-9653-4942-ae5b-58fbda7c146d,108,D,Major,78,55,60,59,0,7,4
03ae7695-7f16-4238-9ccf-331b905ee0a4,72,A#,Minor,56,56,47,76,0,8,36
cd518d01-4240-404f-9579-cdd13036a2f9,121,F#,Minor,86,67,65,42,0,35,7
ec91df02-7420-4821-b37b-2f5bdffd45da,138,D#,Minor,57,71,82,19,0,15,29
d13cb540-38ea-4d02-bbe1-8e2ef227ab74,188,F,Minor,50,41,50,69,0,12,6
24c8a722-8610-4171-ae02-15d5c6a52595,110,C#,Major,80,26,85,23,0,11,21
31167341-4558-4eb2-a244-272f47680bd3,105,G#,Major,81,77,79,19,0,47,8
f6be8f2f-0017-4ca5-939a-4dc410206316,118,G#,Major,63,60,70,5,0,9,31
a795c132-4b7d-4267-ba5b-9b428ef51b0f,176,D,Major,61,24,62,60,0,24,31
9cc9a2ab-13bf-4899-8391-d5a899de535b,158,B,Major,83,41,65,0,10,11,8
bcef524d-5bfd-4f99-9dce-6d4e9602e560,115,C#,Minor,85,72,58,9,0,49,12
19a08180-0774-4c09-91c6-65aa5c1ad889,110,B,Minor,51,48,82,0,0,5,3
fc8a9a01-ce40-4aff-b89b-fdca83a98455,174,A,Major,73,26,54,30,0,34,32
111ff50b-b4a7-4beb-aa30-0580ea9d4fff,130,E,Major,91,91,96,3,0,3,9
5b0bbfd5-52f3-40b2-8351-f4f75ec2b937,78,A#,Major,36,30,54,34,0,14,5
f78aac02-5dde-47e3-a15b-5a44c9b6cb40,104,G,Major,44,74,42,88,0,9,9
45cc9776-1c61-431b-b798-20f12b3d3bd7,121,G,Major,64,80,88,0,0,12,6
5e8668db-da03-4443-90f7-0a0c6ff96bad,105,D,Major,83,32,82,14,0,12,4
da5e559f-218a-46cc-b8bb-57e0bcc5a935,81,G,Major,38,20,66,9,0,9,8
2b370378-7950-447a-a45f-70e46d7d7dd0,170,C#,Minor,37,14,24,80,0,11,4
f9597863-a7b7-4645-8732-970b5bc6da0d,78,G,Major,43,60,38,76,1,48,38
d712c266-d85f-4b44-be21-c56d9e894481,125,G#,Major,88,28,66,6,0,13,31
e6f099fd-be8e-4922-903c-1559864913f0,92,E,Minor,66,29,65,23,0,8,7
b89d31d8-2304-4028-b633-59646bd148b8,140,B,Minor,84,61,42,31,0,9,9
2632a83b-2d1b-45be-8658-e7269d6c0e7e,96,,Major,61,32,90,25,0,10,9
79dd9658-e5ad-4dbc-9533-dee57648a242,118,F,Minor,66,83,43,84,0,19,19
abb79d6b-caed-4c0f-bcd0-4c4cb437164a,92,B,Minor,71,67,60,7,0,6,4
a0f94454-1141-4f53-90da-8ebe8c14c485,140,G#,Minor,49,50,37,87,0,11,35
e8d39ac3-b6f4-4631-8d3f-935598a19383,174,C#,Major,68,45,71,18,0,11,25
02bb1978-dd85-4c78-96f7-1c477c9a23ad,127,A#,Major,77,53,78,19,0,29,4
d3567b98-c16d-4f5c-9aa1-37707506a519,96,B,Major,71,37,52,62,0,11,36
b90fdc03-885a-458c-b66e-adda97f4dbb5,150,G#,Minor,82,82,66,13,0,11,6
ba1d6dc6-06fa-466c-b522-5a3ada36ab77,100,F#,Major,87,46,60,1,0,13,16
f62b79ab-4cc6-4cb4-9c36-e1d6063c3dac,105,C#,Minor,73,59,81,13,0,9,6
90c9a93b-7c42-40c0-adb0-4992994cd963,104,G,Major,86,43,62,5,0,13,14
b5dec63e-cc06-4b88-a318-e63725301311,154,G#,Major,54,45,79,1,0,17,5
aa19f805-c611-4170-bb05-ca918a1d89d7,80,B,Major,47,33,83,18,0,10,5
6b7c07ba-0508-44b5-8b5b-ac0f949e4a09,150,D#,Major,53,14,43,64,0,13,3
be4a0902-2731-46e5-a5a3-f1410c4bc582,156,B,Minor,32,49,72,0,0,9,4
be206947-c869-4d7b-82c3-ac41d383dd26,98,G#,Minor,76,79,81,18,0,6,34
5b2d13b0-99d3-4ace-9565-72a97b17d12e,92,G,Major,58,27,36,86,0,9,3
a47fe952-7f48-469a-8669-4338be653f81,144,E,Major,47,7,50,32,0,7,4
81742786-ec78-4965-a11c-7994a2d997d7,150,E,Major,37,27,56,8,0,13,3
43ad1513-05cc-4ef1-9ce4-917b807fb5c5,138,D#,Major,70,31,44,84,0,9,39
862edb26-c05d-4889-ac12-3a317e3a9b03,172,C#,Major,56,68,89,4,0,33,19
c31734e8-cbab-4b37-9143-3bb510a7ede6,77,G#,Major,72,70,82,2,0,4,17
25afc515-92ad-4e50-a7f5-c0ebddcf5e2c,107,B,Major,72,36,72,26,6,11,4
eb5220d1-9678-4c9b-b90c-4459610cb87c,114,D,Major,51,39,29,90,0,10,4
f904fde8-0732-4d92-9afd-aceca2cd5bf9,117,D,Major,63,29,51,43,0,25,4
f9b7e006-5031-4a5e-86dc-afc3ff4fe8ce,146,,Major,69,63,45,48,0,18,4
2bdf8dba-ca40-452e-a7f6-cfb9571a8ba6,160,G#,Minor,80,74,60,8,0,14,26
47ed1de9-3049-4da5-9d3f-365a9811cd0e,120,G,Major,88,15,56,1,0,8,6
b926e01f-f51e-44e7-9175-6ea39e3fd80f,100,B,Minor,82,76,70,16,0,8,5
ef96fe5e-2c6c-486d-bfd6-52a0eca681a4,158,G#,Minor,60,68,84,4,0,24,11
f4b27ac4-7b41-4b0d-a272-6caa206e13e1,142,D#,Major,56,40,54,72,0,10,4
d3fccb30-2e5f-4284-ab0d-ad034d8687a8,170,A,Minor,80,77,85,11,0,17,14
26a11349-3cb9-4359-8e77-483af6ca4b28,84,F,Minor,71,39,86,2,0,51,25
750c31bb-9a1f-4ec9-b04e-cf76184f33e1,139,,Major,58,30,46,14,0,9,3
19549656-52b6-4d98-bca7-550bb03c4e49,151,G,Major,73,88,67,20,0,32,5
ff89535b-ce83-4edc-b7a1-35ac714357bd,128,C#,Minor,82,42,75,6,0,63,6
b93a19cf-e0a8-4d95-b412-8159bb6ee91f,118,G,Major,56,20,54,67,0,6,5
455063a2-561f-49d9-b67d-f7b669cf47cd,183,F,Major,65,88,72,36,14,20,3
6dd4a695-0aaf-4f38-8c41-bf4a8f354ad6,83,D#,Minor,63,29,62,4,0,18,4
c7e32df7-e32c-47b0-bd53-91c9402f49bd,122,C#,Major,85,42,80,6,0,17,14
167b5345-e373-4824-aea5-9d163c32fba1,165,A,Major,72,90,48,32,0,18,23
7a422dbc-9d13-4033-81f9-5cf8b3e9b190,106,A,Minor,83,90,64,35,5,9,4
70396efb-f84a-4918-b767-086e47591e09,77,B,Major,81,68,58,83,0,11,34
fe302183-80ec-439a-94a1-ba6d0db9325a,91,G#,Major,57,30,89,10,0,33,8
a8a5e020-81c2-44b2-b43b-c13ce5343db5,148,G,Major,51,21,63,5,0,41,3
0708fe3a-28c8-4795-bb06-cd83710f7109,114,E,Minor,71,90,81,31,2,13,3
8d585f60-b5b6-43e6-9157-ee1b66f4aa1f,120,,Minor,91,63,77,12,1,10,5
f0addc1a-56fe-4b2a-a3a7-4c5c83621ee5,92,F#,Major,83,56,82,10,0,9,5
ebed463d-75e4-487d-a41a-a4389f793946,118,F,Major,56,25,45,1,3,7,3
dd728fbd-633d-454d-97bb-5efc1d03ea23,123,E,Minor,60,46,71,3,0,16,4
f87e7f5b-a001-44ed-ae32-09ef5d62eef3,89,D#,Major,52,28,48,54,1,19,3
91a6f19b-8db5-4b5b-aca1-b673df919d0d,110,F,Minor,81,61,93,49,0,12,11
c10871b6-b351-4b39-892f-3b2ff4172c3a,118,,Major,42,32,20,94,0,11,4
6a1babdd-b83d-4a2a-ad57-7fe5468c2249,90,B,Minor,68,54,76,21,0,11,20
8a665962-02bf-4c3c-a0f9-92191c1922fb,130,,Major,49,14,40,82,0,11,3
36c106f3-da86-44b3-acda-d7b20824f5f1,154,F#,Minor,70,97,62,47,0,10,4
34d73005-d827-4af3-a839-bfdfc1d4deb8,105,E,Minor,54,59,83,0,44,20,4
b9c2f2ab-87c7-4d5b-85c9-12cd8ad58e51,115,C#,Minor,70,87,88,4,0,26,8
2d8013ba-5d5a-43aa-9b14-4eac45d50540,110,C#,Major,91,59,82,8,0,6,8
437127e2-803a-4e97-a703-af49d714b37a,125,E,Minor,51,5,68,12,2,15,6
deb3c14d-6886-46fc-b76f-eadabcc18bcf,102,C#,Major,73,62,75,0,0,34,8
3b9c6211-c765-458a-bcd1-c803f732f2e5,120,G#,Minor,81,72,65,4,0,14,4
edd1756c-1955-4d43-95e4-6a8ca061b831,97,D,Major,80,36,86,4,0,3,5
679ee121-ba99-4a5f-b0fa-1d2e1a4157fa,140,F,Minor,44,41,92,0,0,44,7
5af29395-8d78-40b5-9828-10d49041c118,97,D,Major,78,31,72,1,0,11,4
f3409a6c-1cf8-414a-99bf-b8906bf66914,125,F#,Major,45,67,90,9,11,10,5
2b12e426-ebbc-48ff-98c2-026329e1dfdf,88,D#,Minor,80,55,56,13,0,8,9
45bb4343-2d37-4a90-8fc2-4308a4a7e4a0,170,,Major,56,52,64,11,0,45,7
9315f5e3-691c-4afa-b37d-fe14d754e7d7,137,A#,Minor,88,8,49,9,0,9,14
edaf56cd-01a0-4cbd-81b8-56c02c415cbc,157,A,Major,88,52,69,0,0,8,23
bf22de4e-f867-4be9-9182-1b5064d573e0,130,F#,Major,95,83,57,54,0,10,25
62cd83d5-15f4-4af8-8895-b511d9e06466,90,C#,Major,85,80,83,10,0,8,11
5e1ae096-ffd7-41cf-8c5a-7088f065abd0,183,G#,Minor,44,44,67,7,0,12,13
00eb152b-713d-45d7-936e-04b757121e87,128,C#,Major,58,68,91,2,0,27,11
ef14d048-27ef-42f8-82cf-1f652f29a577,130,D#,Minor,71,78,40,46,0,7,45
d299a438-39d4-4b88-bedd-d13d025f0574,126,C#,Major,63,56,43,24,0,12,23
591b92fd-638e-4512-b657-46d4796d19cf,120,,Major,77,94,87,2,0,23,12
afa0c925-38a0-42ef-ac73-4a0858f8d918,130,E,Minor,72,18,46,7,0,28,8
59a9ef0f-5005-420f-bd53-4d036589ab1f,122,,Major,70,46,76,30,0,9,45
dac2a57b-85fa-46b4-81fd-2cbd8f0b2fe3,172,G#,Minor,74,46,58,15,0,13,8
c13733de-d07e-473d-8a1d-b3e7f52586f3,103,G#,Major,61,38,62,14,0,23,40
4e02f477-99e6-4dfa-890d-40f5548713f0,122,A#,Minor,55,46,64,0,0,17,10
c9beefa9-6dab-476b-9435-f0eabc8d5ba2,130,B,Major,47,56,90,0,0,10,4
ccf225e8-2d11-4a19-8ed6-92891bb4b007,105,A#,Minor,81,70,65,24,0,8,4
df75a6d8-7b82-49e8-ae6f-bab2ee29235b,120,F,Major,90,73,51,39,0,9,6
fc39c7d1-a82c-4f26-8f13-82cfd91e9d02,145,G,Major,56,43,53,24,0,12,4
8ce57a31-afdc-4bf9-9630-93b5e09bdd03,99,G,Minor,79,64,59,28,0,11,14
99e71b3a-d54f-463e-a496-91f92b38daf4,88,A#,Minor,79,66,65,5,0,25,14
09b38b95-11f2-429a-9657-f84981fc7b39,126,A,Major,81,90,73,28,0,29,4
d8dd81dc-4ee5-4ddf-a5e7-c5e2e477b995,136,,Major,77,71,75,33,1,13,4
ae2e0705-48c3-422e-b4ea-321a28064e1a,113,G#,Major,70,97,59,55,0,27,12
ce64876d-1358-42d4-8b50-06bb17b1965d,132,B,Major,82,49,88,20,0,21,3
30f7d062-be8c-4cd2-9237-d8c5756ffcd5,135,G#,Major,77,74,74,47,0,34,8
7c92d3bd-0d18-4587-a14d-756d151c2dc4,126,,Major,67,49,77,11,0,19,11
7bbfe8b6-3525-4b36-8c36-dcaed4a08773,102,C#,Minor,67,72,74,30,0,36,4
7eca14ff-718f-463f-bd16-f41405021163,125,,Major,68,80,92,10,0,9,12
c79509c7-e3fc-4207-8b76-843e3e0980a3,149,C#,Major,37,28,66,14,0,9,5
328a63bd-a1e1-4f89-b35c-8142c89fd491,137,,Major,74,71,89,24,61,15,5
30386bbb-5752-4e7c-85a4-f01afb65d3df,120,D#,Minor,77,78,91,14,0,33,12
ac5fbb15-9c11-4804-bcd3-a2d3605815bb,100,C#,Major,90,75,50,11,0,9,26
fd1fa678-682b-4157-bbde-e8affeb807e1,164,G#,Minor,70,58,57,25,0,15,7
fb66b522-fa22-46f8-88ef-1a1454594f36,93,A#,Minor,65,79,66,31,0,22,7
c99cf3bb-0876-452b-bfce-47c5ba803b67,180,C#,Minor,65,52,80,5,0,6,25
b125ff66-a542-40ba-b141-8664862829b6,79,C#,Major,34,22,31,43,63,10,7
5e0eb730-a36d-42c0-b8da-fa63d84c1d3f,146,F,Major,56,21,44,73,0,11,2
07e53593-bd37-4080-a326-3bf2418c86da,103,C#,Major,37,17,27,75,5,10,3
e53d310d-c730-4251-88c9-810e6b54349f,140,E,Minor,70,26,76,8,0,54,23
b26f0a7e-ed4e-40ed-986a-c2776f8fa079,92,A#,Major,81,48,70,13,0,15,7
bbfe8ee1-59f0-4c7b-bfa7-e12e585fc042,102,C#,Minor,64,4,60,11,0,19,4
485b8f73-ee82-467f-b43d-0c541d7a5aef,118,B,Minor,82,75,85,33,1,11,4
31d9e239-2d62-442f-9c0e-00386f2cb7a3,93,D,Major,78,75,62,6,0,15,6
b77b88bb-46f0-4353-8097-c11655b3066a,150,F,Minor,70,26,56,14,83,11,5
97bf288a-945a-4c0d-a95c-7198ffe49523,130,D,Major,52,24,60,0,0,8,3
d3f9e9cd-46cb-43dc-be66-0a9e157781ef,83,D#,Minor,65,24,53,6,0,51,4
3704c014-ad78-4195-85f7-dc7b099b13eb,102,A,Major,84,43,75,5,0,6,8
26ea6ee7-56cb-494f-890f-dc3fe9ee61e8,136,E,Minor,73,65,91,4,0,48,18
30573000-633e-452a-900a-123f1cb0730e,145,A,Major,66,24,58,17,0,19,5
8d107661-ad6e-405b-9f27-43e35a11a44e,130,G,Major,57,24,37,11,18,16,3
23bdd414-729e-4cef-b0eb-9f2f461a2221,156,G,Major,72,92,77,9,0,8,11
b10567cb-06de-44e3-8986-f6e8166ce8c7,123,D,Major,57,50,85,5,0,16,4
cc696841-2a4f-4a61-9995-48aea2131a64,132,G,Major,92,53,62,7,0,63,10
7428e83f-5c99-4755-8189-da1bb47b68a2,125,D#,Minor,49,13,74,0,0,9,4
70aab009-42a0-408c-9482-7c05a718b89c,162,F,Minor,74,22,67,0,0,11,46
4c659af7-bc7c-4dee-9972-ac94eb5c8e30,138,A#,Major,80,82,81,14,0,13,36
a649ee33-6624-4175-80dc-b75d885c89f7,161,A#,Minor,59,62,60,12,0,5,44
a6a92bdd-1143-4664-bcf0-bfac496c722b,131,G#,Minor,91,23,55,1,0,7,32
27c7ff11-dfc1-46ac-ab00-e17c676764e9,122,E,Minor,75,45,63,6,0,35,12
0f6f8ac6-ba6e-47bf-ad59-4e2fe6e5074c,80,E,Minor,80,16,28,17,0,12,39
cc8a30f4-3430-4825-a91a-39fd6431a636,109,G,Major,75,11,50,20,0,30,17
5e1974ae-d619-4b68-9d5f-e2fe3c742e2a,158,A,Major,84,33,36,2,0,39,59
766a9d8f-1210-4b8d-8cc5-18fcb58afe15,126,E,Major,66,12,35,55,0,9,14
0ac7e211-92f2-4824-8409-0b033b7f054b,104,C#,Major,73,25,61,1,0,32,7
91be1afe-3687-4f1c-8540-16ab5f2e8db3,110,,Major,48,15,31,80,22,12,4
f6ef160a-bc45-4667-a6f3-e9c11c32c2b4,130,G,Major,77,20,70,1,0,16,5
2c357245-90d0-4489-8926-d82dd16eb0ab,177,,Major,34,39,16,97,0,12,5
216a670b-3c89-4c7e-81a9-4a060ebedae9,158,G,Major,48,55,84,43,0,15,12
249bb4a1-915b-4ed9-aa2e-479fc1b4b21a,114,D,Minor,62,25,44,51,33,14,3
54fb91be-0803-4d28-b26d-3a27e854a272,144,F,Major,93,62,61,0,0,12,20
b2d1553d-bb4a-41ae-9e94-f8850f8276a5,125,F,Major,54,22,76,0,0,14,3
f605641d-158b-4bc3-a360-7d3222d11d6a,142,F,Minor,85,40,43,4,0,39,32
2126a980-3521-436c-9b21-94d4dd970162,120,D,Major,64,11,53,1,0,25,27
24cb9847-4505-441f-913a-b46beec372a4,96,F,Major,57,55,74,22,0,8,4
2a19660c-3847-48bd-9f74-acc9d507cf2c,144,A,Major,60,24,39,57,0,8,3
cbdd012f-7fd3-4462-89d0-390e2f0d0ea3,166,F#,Major,42,7,24,83,1,12,6
5485fbaa-bf58-402e-a492-a8dc67a02182,92,C#,Major,80,81,67,4,0,8,6
d3e16fb2-b7df-460b-9212-24ac3ff7329f,97,C#,Major,82,67,77,8,0,12,5
6242967f-a5e9-4f2e-b606-a016444d83b8,90,E,Minor,61,32,67,15,0,11,5
